 zip_pick | zip_drop | distance_meters | distance_miles 
----------+----------+-----------------+----------------
 98041    | 98331    |         4982833 |      3114.2703
 98021    | 98331    |         4982833 |      3114.2703
 98011    | 98331    |         4982833 |      3114.2703
 98021    | 98357    |         4980858 |       3113.036
 98041    | 98357    |         4980858 |       3113.036
 98011    | 98357    |         4980858 |       3113.036
 98001    | 98331    |         4976903 |      3110.5645
 98093    | 98331    |         4976903 |      3110.5645
 98063    | 98331    |         4976903 |      3110.5645
 98023    | 98331    |         4976903 |      3110.5645
 98003    | 98331    |         4976903 |      3110.5645
 98063    | 98357    |         4974927 |      3109.3293
 98001    | 98357    |         4974927 |      3109.3293
 98003    | 98357    |         4974927 |      3109.3293
 98023    | 98357    |         4974927 |      3109.3293
 98093    | 98357    |         4974927 |      3109.3293
 98041    | 98350    |         4969310 |      3105.8188
 98021    | 98350    |         4969310 |      3105.8188
 98011    | 98350    |         4969310 |      3105.8188
 98083    | 98331    |         4965606 |      3103.5037
 98034    | 98331    |         4965606 |      3103.5037
 98033    | 98331    |         4965606 |      3103.5037
 98083    | 98357    |         4963631 |      3102.2693
 98034    | 98357    |         4963631 |      3102.2693
 98033    | 98357    |         4963631 |      3102.2693
 98093    | 98350    |         4963381 |      3102.1128
 98003    | 98350    |         4963381 |      3102.1128
 98001    | 98350    |         4963381 |      3102.1128
 98023    | 98350    |         4963381 |      3102.1128
 98063    | 98350    |         4963381 |      3102.1128
 98041    | 98326    |         4959431 |      3099.6443
 98011    | 98326    |         4959431 |      3099.6443
 98021    | 98326    |         4959431 |      3099.6443
 98041    | 98381    |         4959220 |      3099.5125
 98011    | 98381    |         4959220 |      3099.5125
 98021    | 98381    |         4959220 |      3099.5125
 98001    | 98326    |         4953502 |      3095.9385
 98093    | 98326    |         4953502 |      3095.9385
 98063    | 98326    |         4953502 |      3095.9385
 98003    | 98326    |         4953502 |      3095.9385
 98023    | 98326    |         4953502 |      3095.9385
 98063    | 98381    |         4953290 |      3095.8062
 98093    | 98381    |         4953290 |      3095.8062
 98001    | 98381    |         4953290 |      3095.8062
 98003    | 98381    |         4953290 |      3095.8062
 98023    | 98381    |         4953290 |      3095.8062
 98034    | 98350    |         4952084 |      3095.0525
 98033    | 98350    |         4952084 |      3095.0525
 98083    | 98350    |         4952084 |      3095.0525
 98034    | 98326    |         4942205 |      3088.8782
 98033    | 98326    |         4942205 |      3088.8782
 98083    | 98326    |         4942205 |      3088.8782
 98083    | 98381    |         4941994 |      3088.7458
 98034    | 98381    |         4941994 |      3088.7458
 98033    | 98381    |         4941994 |      3088.7458
 98021    | 98363    |         4908887 |      3068.0544
 98041    | 98362    |         4908887 |      3068.0544
 98011    | 98362    |         4908887 |      3068.0544
 98011    | 98363    |         4908887 |      3068.0544
 98041    | 98363    |         4908887 |      3068.0544
 98021    | 98362    |         4908887 |      3068.0544
 98001    | 98362    |         4902957 |      3064.3481
 98001    | 98363    |         4902957 |      3064.3481
 98003    | 98362    |         4902957 |      3064.3481
 98023    | 98362    |         4902957 |      3064.3481
 98063    | 98362    |         4902957 |      3064.3481
 98093    | 98363    |         4902957 |      3064.3481
 98063    | 98363    |         4902957 |      3064.3481
 98023    | 98363    |         4902957 |      3064.3481
 98093    | 98362    |         4902957 |      3064.3481
 98003    | 98363    |         4902957 |      3064.3481
 98034    | 98362    |         4891661 |      3057.2878
 98083    | 98362    |         4891661 |      3057.2878
 98083    | 98363    |         4891661 |      3057.2878
 98034    | 98363    |         4891661 |      3057.2878
 98033    | 98362    |         4891661 |      3057.2878
 98033    | 98363    |         4891661 |      3057.2878
 98011    | 98343    |         4884365 |       3052.728
 98041    | 98343    |         4884365 |       3052.728
 98021    | 98343    |         4884365 |       3052.728
 98011    | 98548    |         4881465 |      3050.9153
 98041    | 98548    |         4881465 |      3050.9153
 98021    | 98548    |         4881465 |      3050.9153
 98023    | 98343    |         4878435 |       3049.022
 98063    | 98343    |         4878435 |       3049.022
 98001    | 98343    |         4878435 |       3049.022
 98003    | 98343    |         4878435 |       3049.022
 98093    | 98343    |         4878435 |       3049.022
 98003    | 98548    |         4875534 |      3047.2087
 98093    | 98548    |         4875534 |      3047.2087
 98063    | 98548    |         4875534 |      3047.2087
 98023    | 98548    |         4875534 |      3047.2087
 98001    | 98548    |         4875534 |      3047.2087
 98083    | 98343    |         4867139 |      3041.9617
 98033    | 98343    |         4867139 |      3041.9617
 98034    | 98343    |         4867139 |      3041.9617
 98063    | 98236    |         4864404 |      3040.2522
 98003    | 98236    |         4864404 |      3040.2522
 98023    | 98236    |         4864404 |      3040.2522
 98001    | 98236    |         4864404 |      3040.2522
 98093    | 98236    |         4864404 |      3040.2522
 98034    | 98548    |         4864238 |      3040.1487
 98033    | 98548    |         4864238 |      3040.1487
 98083    | 98548    |         4864238 |      3040.1487
 98041    | 98260    |         4863759 |      3039.8494
 98021    | 98260    |         4863759 |      3039.8494
 98011    | 98260    |         4863759 |      3039.8494
 98093    | 98260    |         4857829 |      3036.1428
 98003    | 98260    |         4857829 |      3036.1428
 98001    | 98260    |         4857829 |      3036.1428
 98063    | 98260    |         4857829 |      3036.1428
 98023    | 98260    |         4857829 |      3036.1428
 98033    | 98236    |         4853107 |       3033.192
 98034    | 98236    |         4853107 |       3033.192
 98083    | 98236    |         4853107 |       3033.192
 98011    | 98249    |         4852084 |      3032.5522
 98021    | 98249    |         4852084 |      3032.5522
 98041    | 98249    |         4852084 |      3032.5522
 98083    | 98260    |         4846532 |      3029.0825
 98033    | 98260    |         4846532 |      3029.0825
 98034    | 98260    |         4846532 |      3029.0825
 98063    | 98249    |         4846154 |       3028.846
 98023    | 98249    |         4846154 |       3028.846
 98003    | 98249    |         4846154 |       3028.846
 98093    | 98249    |         4846154 |       3028.846
 98001    | 98249    |         4846154 |       3028.846
 98041    | 98253    |         4843841 |      3027.4006
 98011    | 98253    |         4843841 |      3027.4006
 98021    | 98253    |         4843841 |      3027.4006
 98041    | 98324    |         4840047 |       3025.029
 98011    | 98324    |         4840047 |       3025.029
 98021    | 98324    |         4840047 |       3025.029
 98093    | 98253    |         4837911 |      3023.6943
 98003    | 98253    |         4837911 |      3023.6943
 98001    | 98253    |         4837911 |      3023.6943
 98063    | 98253    |         4837911 |      3023.6943
 98023    | 98253    |         4837911 |      3023.6943
 98041    | 98382    |         4837553 |      3023.4702
 98021    | 98382    |         4837553 |      3023.4702
 98011    | 98382    |         4837553 |      3023.4702
 98034    | 98249    |         4834857 |      3021.7856
 98033    | 98249    |         4834857 |      3021.7856
 98083    | 98249    |         4834857 |      3021.7856
 98093    | 98324    |         4834116 |      3021.3225
 98063    | 98324    |         4834116 |      3021.3225
 98023    | 98324    |         4834116 |      3021.3225
 98001    | 98324    |         4834116 |      3021.3225
 98003    | 98324    |         4834116 |      3021.3225
 98041    | 98320    |         4832055 |      3020.0344
 98021    | 98320    |         4832055 |      3020.0344
 98011    | 98320    |         4832055 |      3020.0344
 98093    | 98382    |         4831623 |      3019.7642
 98003    | 98382    |         4831623 |      3019.7642
 98063    | 98382    |         4831623 |      3019.7642
 98001    | 98382    |         4831623 |      3019.7642
 98023    | 98382    |         4831623 |      3019.7642
 98011    | 98239    |         4827981 |       3017.488
 98021    | 98239    |         4827981 |       3017.488
 98041    | 98239    |         4827981 |       3017.488
 98034    | 98253    |         4826615 |       3016.634
 98083    | 98253    |         4826615 |       3016.634
 98033    | 98253    |         4826615 |       3016.634
 98001    | 98320    |         4826125 |      3016.3281
 98063    | 98320    |         4826125 |      3016.3281
 98093    | 98320    |         4826125 |      3016.3281
 98003    | 98320    |         4826125 |      3016.3281
 98023    | 98320    |         4826125 |      3016.3281
 98033    | 98324    |         4822820 |      3014.2625
 98083    | 98324    |         4822820 |      3014.2625
 98034    | 98324    |         4822820 |      3014.2625
 98063    | 98239    |         4822051 |       3013.782
 98023    | 98239    |         4822051 |       3013.782
 98001    | 98239    |         4822051 |       3013.782
 98003    | 98239    |         4822051 |       3013.782
 98093    | 98239    |         4822051 |       3013.782
 98083    | 98382    |         4820326 |      3012.7039
 98034    | 98382    |         4820326 |      3012.7039
 98033    | 98382    |         4820326 |      3012.7039
 98034    | 98320    |         4814829 |      3009.2678
 98083    | 98320    |         4814829 |      3009.2678
 98033    | 98320    |         4814829 |      3009.2678
 98021    | 98555    |         4814388 |      3008.9922
 98011    | 98555    |         4814388 |      3008.9922
 98041    | 98555    |         4814388 |      3008.9922
 98011    | 98368    |         4812357 |       3007.723
 98021    | 98368    |         4812357 |       3007.723
 98041    | 98368    |         4812357 |       3007.723
 98034    | 98239    |         4810755 |      3006.7217
 98083    | 98239    |         4810755 |      3006.7217
 98033    | 98239    |         4810755 |      3006.7217
 98011    | 98358    |         4810224 |      3006.3896
 98021    | 98358    |         4810224 |      3006.3896
 98041    | 98358    |         4810224 |      3006.3896
 98003    | 98555    |         4808458 |      3005.2861
 98023    | 98555    |         4808458 |      3005.2861
 98093    | 98555    |         4808458 |      3005.2861
 98063    | 98555    |         4808458 |      3005.2861
 98001    | 98555    |         4808458 |      3005.2861
 98011    | 98560    |         4807053 |      3004.4082
 98041    | 98560    |         4807053 |      3004.4082
 98021    | 98560    |         4807053 |      3004.4082
 98063    | 98368    |         4806427 |      3004.0166
 98001    | 98368    |         4806427 |      3004.0166
 98023    | 98368    |         4806427 |      3004.0166
 98093    | 98368    |         4806427 |      3004.0166
 98003    | 98368    |         4806427 |      3004.0166
 98021    | 98325    |         4806163 |      3003.8518
 98041    | 98325    |         4806163 |      3003.8518
 98011    | 98325    |         4806163 |      3003.8518
 98021    | 98277    |         4805407 |      3003.3792
 98021    | 98278    |         4805407 |      3003.3792
 98011    | 98278    |         4805407 |      3003.3792
 98041    | 98278    |         4805407 |      3003.3792
 98041    | 98277    |         4805407 |      3003.3792
 98011    | 98277    |         4805407 |      3003.3792
 98021    | 98339    |         4804707 |      3002.9417
 98041    | 98339    |         4804707 |      3002.9417
 98011    | 98339    |         4804707 |      3002.9417
 98023    | 98358    |         4804294 |      3002.6838
 98063    | 98358    |         4804294 |      3002.6838
 98001    | 98358    |         4804294 |      3002.6838
 98093    | 98358    |         4804294 |      3002.6838
 98003    | 98358    |         4804294 |      3002.6838
 98041    | 98376    |         4803407 |      3002.1294
 98011    | 98376    |         4803407 |      3002.1294
 98021    | 98376    |         4803407 |      3002.1294
 98003    | 98560    |         4801124 |      3000.7021
 98001    | 98560    |         4801124 |      3000.7021
 98063    | 98560    |         4801124 |      3000.7021
 98093    | 98560    |         4801124 |      3000.7021
 98023    | 98560    |         4801124 |      3000.7021
 98001    | 98325    |         4800234 |       3000.146
 98063    | 98325    |         4800234 |       3000.146
 98023    | 98325    |         4800234 |       3000.146
 98003    | 98325    |         4800234 |       3000.146
 98093    | 98325    |         4800234 |       3000.146
 98001    | 98277    |         4799477 |       2999.673
 98093    | 98277    |         4799477 |       2999.673
 98023    | 98278    |         4799477 |       2999.673
 98001    | 98278    |         4799477 |       2999.673
 98003    | 98278    |         4799477 |       2999.673
 98093    | 98278    |         4799477 |       2999.673
 98063    | 98277    |         4799477 |       2999.673
 98063    | 98278    |         4799477 |       2999.673
 98023    | 98277    |         4799477 |       2999.673
 98003    | 98277    |         4799477 |       2999.673
 98063    | 98339    |         4798777 |      2999.2354
 98093    | 98339    |         4798777 |      2999.2354
 98023    | 98339    |         4798777 |      2999.2354
 98001    | 98339    |         4798777 |      2999.2354
 98003    | 98339    |         4798777 |      2999.2354
 98063    | 98376    |         4797477 |       2998.423
 98023    | 98376    |         4797477 |       2998.423
 98093    | 98376    |         4797477 |       2998.423
 98003    | 98376    |         4797477 |       2998.423
 98001    | 98376    |         4797477 |       2998.423
 98033    | 98555    |         4797161 |      2998.2256
 98034    | 98555    |         4797161 |      2998.2256
 98083    | 98555    |         4797161 |      2998.2256
 98034    | 98368    |         4795130 |      2996.9563
 98033    | 98368    |         4795130 |      2996.9563
 98083    | 98368    |         4795130 |      2996.9563
 98034    | 98358    |         4792998 |      2995.6235
 98033    | 98358    |         4792998 |      2995.6235
 98083    | 98358    |         4792998 |      2995.6235
 98021    | 98340    |         4791252 |      2994.5325
 98011    | 98340    |         4791252 |      2994.5325
 98041    | 98340    |         4791252 |      2994.5325
 98034    | 98560    |         4789827 |      2993.6418
 98033    | 98560    |         4789827 |      2993.6418
 98083    | 98560    |         4789827 |      2993.6418
 98083    | 98325    |         4788937 |      2993.0857
 98034    | 98325    |         4788937 |      2993.0857
 98033    | 98325    |         4788937 |      2993.0857
 98033    | 98278    |         4788181 |      2992.6128
 98033    | 98277    |         4788181 |      2992.6128
 98083    | 98277    |         4788181 |      2992.6128
 98034    | 98278    |         4788181 |      2992.6128
 98034    | 98277    |         4788181 |      2992.6128
 98083    | 98278    |         4788181 |      2992.6128
 98033    | 98339    |         4787480 |       2992.175
 98083    | 98339    |         4787480 |       2992.175
 98034    | 98339    |         4787480 |       2992.175
 98011    | 98592    |         4787320 |      2992.0747
 98041    | 98592    |         4787320 |      2992.0747
 98021    | 98592    |         4787320 |      2992.0747
 98021    | 98110    |         4786687 |      2991.6794
 98011    | 98110    |         4786687 |      2991.6794
 98041    | 98110    |         4786687 |      2991.6794
 98083    | 98376    |         4786181 |      2991.3628
 98034    | 98376    |         4786181 |      2991.3628
 98033    | 98376    |         4786181 |      2991.3628
 98011    | 98365    |         4785756 |      2991.0974
 98021    | 98365    |         4785756 |      2991.0974
 98041    | 98365    |         4785756 |      2991.0974
 98001    | 98340    |         4785322 |      2990.8262
 98023    | 98340    |         4785322 |      2990.8262
 98093    | 98340    |         4785322 |      2990.8262
 98003    | 98340    |         4785322 |      2990.8262
 98063    | 98340    |         4785322 |      2990.8262
 98041    | 98061    |         4784281 |      2990.1755
 98011    | 98061    |         4784281 |      2990.1755
 98021    | 98061    |         4784281 |      2990.1755
 98041    | 98346    |         4782486 |      2989.0535
 98011    | 98346    |         4782486 |      2989.0535
 98021    | 98346    |         4782486 |      2989.0535
 98001    | 98592    |         4781390 |      2988.3684
 98023    | 98592    |         4781390 |      2988.3684
 98063    | 98592    |         4781390 |      2988.3684
 98093    | 98592    |         4781390 |      2988.3684
 98003    | 98592    |         4781390 |      2988.3684
 98063    | 98110    |         4780757 |      2987.9731
 98093    | 98110    |         4780757 |      2987.9731
 98023    | 98110    |         4780757 |      2987.9731
 98003    | 98110    |         4780757 |      2987.9731
 98001    | 98110    |         4780757 |      2987.9731
 98021    | 98342    |         4780711 |       2987.944
 98011    | 98342    |         4780711 |       2987.944
 98041    | 98342    |         4780711 |       2987.944
 98063    | 98365    |         4779826 |      2987.3909
 98093    | 98365    |         4779826 |      2987.3909
 98003    | 98365    |         4779826 |      2987.3909
 98001    | 98365    |         4779826 |      2987.3909
 98023    | 98365    |         4779826 |      2987.3909
 98061    | 98063    |         4778352 |      2986.4697
 98061    | 98093    |         4778352 |      2986.4697
 98001    | 98061    |         4778352 |      2986.4697
 98003    | 98061    |         4778352 |      2986.4697
 98023    | 98061    |         4778352 |      2986.4697
 98021    | 98364    |         4778131 |      2986.3315
 98011    | 98364    |         4778131 |      2986.3315
 98041    | 98364    |         4778131 |      2986.3315
 98041    | 98392    |         4777201 |      2985.7502
 98021    | 98392    |         4777201 |      2985.7502
 98011    | 98392    |         4777201 |      2985.7502
 98001    | 98346    |         4776555 |       2985.347
 98093    | 98346    |         4776555 |       2985.347
 98063    | 98346    |         4776555 |       2985.347
 98003    | 98346    |         4776555 |       2985.347
 98023    | 98346    |         4776555 |       2985.347
 98011    | 98584    |         4774869 |      2984.2927
 98021    | 98584    |         4774869 |      2984.2927
 98041    | 98584    |         4774869 |      2984.2927
 98093    | 98342    |         4774781 |      2984.2378
 98003    | 98342    |         4774781 |      2984.2378
 98001    | 98342    |         4774781 |      2984.2378
 98023    | 98342    |         4774781 |      2984.2378
 98063    | 98342    |         4774781 |      2984.2378
 98083    | 98340    |         4774026 |      2983.7659
 98034    | 98340    |         4774026 |      2983.7659
 98033    | 98340    |         4774026 |      2983.7659
 98063    | 98364    |         4772201 |      2982.6252
 98023    | 98364    |         4772201 |      2982.6252
 98003    | 98364    |         4772201 |      2982.6252
 98093    | 98364    |         4772201 |      2982.6252
 98001    | 98364    |         4772201 |      2982.6252
 98093    | 98392    |         4771271 |       2982.044
 98023    | 98392    |         4771271 |       2982.044
 98001    | 98392    |         4771271 |       2982.044
 98003    | 98392    |         4771271 |       2982.044
 98063    | 98392    |         4771271 |       2982.044
 98033    | 98592    |         4770094 |      2981.3083
 98083    | 98592    |         4770094 |      2981.3083
 98034    | 98592    |         4770094 |      2981.3083
 98034    | 98110    |         4769461 |      2980.9128
 98083    | 98110    |         4769461 |      2980.9128
 98033    | 98110    |         4769461 |      2980.9128
 98063    | 98584    |         4768939 |      2980.5867
 98003    | 98584    |         4768939 |      2980.5867
 98093    | 98584    |         4768939 |      2980.5867
 98001    | 98584    |         4768939 |      2980.5867
 98023    | 98584    |         4768939 |      2980.5867
 98041    | 98588    |         4768805 |      2980.5032
 98021    | 98588    |         4768805 |      2980.5032
 98011    | 98588    |         4768805 |      2980.5032
 98033    | 98365    |         4768530 |       2980.331
 98083    | 98365    |         4768530 |       2980.331
 98034    | 98365    |         4768530 |       2980.331
 98021    | 98380    |         4768227 |      2980.1416
 98041    | 98380    |         4768227 |      2980.1416
 98011    | 98380    |         4768227 |      2980.1416
 98021    | 98370    |         4768214 |      2980.1338
 98011    | 98370    |         4768214 |      2980.1338
 98041    | 98370    |         4768214 |      2980.1338
 98061    | 98083    |         4767055 |      2979.4092
 98033    | 98061    |         4767055 |      2979.4092
 98034    | 98061    |         4767055 |      2979.4092
 98083    | 98346    |         4765259 |      2978.2869
 98034    | 98346    |         4765259 |      2978.2869
 98033    | 98346    |         4765259 |      2978.2869
 98041    | 98345    |         4763869 |      2977.4177
 98021    | 98345    |         4763869 |      2977.4177
 98011    | 98345    |         4763869 |      2977.4177
 98021    | 98528    |         4763782 |      2977.3638
 98041    | 98528    |         4763782 |      2977.3638
 98011    | 98528    |         4763782 |      2977.3638
 98083    | 98342    |         4763484 |      2977.1775
 98033    | 98342    |         4763484 |      2977.1775
 98034    | 98342    |         4763484 |      2977.1775
 98063    | 98588    |         4762876 |       2976.797
 98023    | 98588    |         4762876 |       2976.797
 98001    | 98588    |         4762876 |       2976.797
 98003    | 98588    |         4762876 |       2976.797
 98093    | 98588    |         4762876 |       2976.797
 98023    | 98380    |         4762297 |      2976.4353
 98001    | 98380    |         4762297 |      2976.4353
 98003    | 98380    |         4762297 |      2976.4353
 98063    | 98380    |         4762297 |      2976.4353
 98093    | 98380    |         4762297 |      2976.4353
 98001    | 98370    |         4762284 |      2976.4275
 98023    | 98370    |         4762284 |      2976.4275
 98063    | 98370    |         4762284 |      2976.4275
 98093    | 98370    |         4762284 |      2976.4275
 98003    | 98370    |         4762284 |      2976.4275
 98041    | 98383    |         4761793 |      2976.1206
 98011    | 98383    |         4761793 |      2976.1206
 98021    | 98383    |         4761793 |      2976.1206
 98011    | 98315    |         4761793 |      2976.1206
 98021    | 98315    |         4761793 |      2976.1206
 98041    | 98315    |         4761793 |      2976.1206
 98034    | 98364    |         4760905 |      2975.5654
 98033    | 98364    |         4760905 |      2975.5654
 98083    | 98364    |         4760905 |      2975.5654
 98041    | 98311    |         4760364 |      2975.2273
 98021    | 98311    |         4760364 |      2975.2273
 98011    | 98311    |         4760364 |      2975.2273
 98083    | 98392    |         4759974 |      2974.9836
 98033    | 98392    |         4759974 |      2974.9836
 98034    | 98392    |         4759974 |      2974.9836
 98023    | 98345    |         4757939 |      2973.7117
 98063    | 98345    |         4757939 |      2973.7117
 98093    | 98345    |         4757939 |      2973.7117
 98003    | 98345    |         4757939 |      2973.7117
 98001    | 98345    |         4757939 |      2973.7117
 98093    | 98528    |         4757852 |      2973.6575
 98063    | 98528    |         4757852 |      2973.6575
 98003    | 98528    |         4757852 |      2973.6575
 98023    | 98528    |         4757852 |      2973.6575
 98001    | 98528    |         4757852 |      2973.6575
 98034    | 98584    |         4757642 |      2973.5264
 98033    | 98584    |         4757642 |      2973.5264
 98083    | 98584    |         4757642 |      2973.5264
 98011    | 98353    |         4756954 |      2973.0962
 98041    | 98353    |         4756954 |      2973.0962
 98021    | 98353    |         4756954 |      2973.0962
 98023    | 98383    |         4755863 |      2972.4143
 98093    | 98383    |         4755863 |      2972.4143
 98001    | 98315    |         4755863 |      2972.4143
 98023    | 98315    |         4755863 |      2972.4143
 98001    | 98383    |         4755863 |      2972.4143
 98003    | 98383    |         4755863 |      2972.4143
 98063    | 98315    |         4755863 |      2972.4143
 98093    | 98315    |         4755863 |      2972.4143
 98063    | 98383    |         4755863 |      2972.4143
 98003    | 98315    |         4755863 |      2972.4143
 98003    | 98311    |         4754433 |      2971.5205
 98023    | 98311    |         4754433 |      2971.5205
 98001    | 98311    |         4754433 |      2971.5205
 98093    | 98311    |         4754433 |      2971.5205
 98063    | 98311    |         4754433 |      2971.5205
 98021    | 98546    |         4754348 |      2971.4675
 98041    | 98546    |         4754348 |      2971.4675
 98011    | 98546    |         4754348 |      2971.4675
 98034    | 98588    |         4751579 |      2969.7368
 98033    | 98588    |         4751579 |      2969.7368
 98083    | 98588    |         4751579 |      2969.7368
 98023    | 98353    |         4751025 |      2969.3904
 98093    | 98353    |         4751025 |      2969.3904
 98001    | 98353    |         4751025 |      2969.3904
 98063    | 98353    |         4751025 |      2969.3904
 98003    | 98353    |         4751025 |      2969.3904
 98033    | 98380    |         4751000 |       2969.375
 98034    | 98380    |         4751000 |       2969.375
 98083    | 98380    |         4751000 |       2969.375
 98083    | 98370    |         4750988 |      2969.3674
 98034    | 98370    |         4750988 |      2969.3674
 98033    | 98370    |         4750988 |      2969.3674
 98021    | 98393    |         4749251 |      2968.2815
 98011    | 98393    |         4749251 |      2968.2815
 98041    | 98393    |         4749251 |      2968.2815
 98093    | 98546    |         4748418 |      2967.7612
 98003    | 98546    |         4748418 |      2967.7612
 98001    | 98546    |         4748418 |      2967.7612
 98063    | 98546    |         4748418 |      2967.7612
 98023    | 98546    |         4748418 |      2967.7612
 98033    | 98345    |         4746642 |      2966.6514
 98083    | 98345    |         4746642 |      2966.6514
 98034    | 98345    |         4746642 |      2966.6514
 98034    | 98528    |         4746556 |      2966.5972
 98083    | 98528    |         4746556 |      2966.5972
 98033    | 98528    |         4746556 |      2966.5972
 98041    | 98310    |         4746347 |      2966.4668
 98011    | 98310    |         4746347 |      2966.4668
 98021    | 98310    |         4746347 |      2966.4668
 98041    | 98351    |         4745981 |      2966.2378
 98011    | 98351    |         4745981 |      2966.2378
 98021    | 98351    |         4745981 |      2966.2378
 98021    | 98524    |         4745635 |      2966.0215
 98011    | 98524    |         4745635 |      2966.0215
 98041    | 98524    |         4745635 |      2966.0215
 98041    | 98312    |         4744941 |      2965.5881
 98041    | 98337    |         4744941 |      2965.5881
 98011    | 98312    |         4744941 |      2965.5881
 98021    | 98337    |         4744941 |      2965.5881
 98021    | 98312    |         4744941 |      2965.5881
 98011    | 98337    |         4744941 |      2965.5881
 98041    | 98314    |         4744886 |      2965.5537
 98011    | 98314    |         4744886 |      2965.5537
 98021    | 98314    |         4744886 |      2965.5537
 98083    | 98315    |         4744567 |       2965.354
 98034    | 98315    |         4744567 |       2965.354
 98033    | 98315    |         4744567 |       2965.354
 98034    | 98383    |         4744567 |       2965.354
 98033    | 98383    |         4744567 |       2965.354
 98083    | 98383    |         4744567 |       2965.354
 98023    | 98393    |         4743321 |      2964.5752
 98003    | 98393    |         4743321 |      2964.5752
 98001    | 98393    |         4743321 |      2964.5752
 98063    | 98393    |         4743321 |      2964.5752
 98093    | 98393    |         4743321 |      2964.5752
 98033    | 98311    |         4743137 |      2964.4602
 98034    | 98311    |         4743137 |      2964.4602
 98083    | 98311    |         4743137 |      2964.4602
 98003    | 98310    |         4740417 |      2962.7607
 98001    | 98310    |         4740417 |      2962.7607
 98063    | 98310    |         4740417 |      2962.7607
 98093    | 98310    |         4740417 |      2962.7607
 98023    | 98310    |         4740417 |      2962.7607
 98093    | 98351    |         4740051 |      2962.5315
 98023    | 98351    |         4740051 |      2962.5315
 98063    | 98351    |         4740051 |      2962.5315
 98001    | 98351    |         4740051 |      2962.5315
 98003    | 98351    |         4740051 |      2962.5315
 98034    | 98353    |         4739728 |        2962.33
 98083    | 98353    |         4739728 |        2962.33
 98033    | 98353    |         4739728 |        2962.33
 98063    | 98524    |         4739704 |       2962.315
 98003    | 98524    |         4739704 |       2962.315
 98023    | 98524    |         4739704 |       2962.315
 98093    | 98524    |         4739704 |       2962.315
 98001    | 98524    |         4739704 |       2962.315
 98063    | 98337    |         4739011 |      2961.8816
 98063    | 98312    |         4739011 |      2961.8816
 98093    | 98312    |         4739011 |      2961.8816
 98093    | 98337    |         4739011 |      2961.8816
 98023    | 98337    |         4739011 |      2961.8816
 98003    | 98337    |         4739011 |      2961.8816
 98001    | 98337    |         4739011 |      2961.8816
 98001    | 98312    |         4739011 |      2961.8816
 98003    | 98312    |         4739011 |      2961.8816
 98023    | 98312    |         4739011 |      2961.8816
 98063    | 98314    |         4738956 |      2961.8474
 98003    | 98314    |         4738956 |      2961.8474
 98023    | 98314    |         4738956 |      2961.8474
 98093    | 98314    |         4738956 |      2961.8474
 98001    | 98314    |         4738956 |      2961.8474
 98041    | 98386    |         4738194 |      2961.3713
 98011    | 98386    |         4738194 |      2961.3713
 98021    | 98386    |         4738194 |      2961.3713
 98021    | 98384    |         4737330 |       2960.831
 98041    | 98384    |         4737330 |       2960.831
 98011    | 98384    |         4737330 |       2960.831
 98083    | 98546    |         4737122 |       2960.701
 98034    | 98546    |         4737122 |       2960.701
 98033    | 98546    |         4737122 |       2960.701
 98041    | 98349    |         4735995 |      2959.9968
 98011    | 98349    |         4735995 |      2959.9968
 98021    | 98349    |         4735995 |      2959.9968
 98021    | 98394    |         4734544 |      2959.0896
 98011    | 98394    |         4734544 |      2959.0896
 98041    | 98394    |         4734544 |      2959.0896
 98011    | 98287    |         4733929 |      2958.7053
 98021    | 98287    |         4733929 |      2958.7053
 98041    | 98287    |         4733929 |      2958.7053
 98023    | 98386    |         4732264 |      2957.6648
 98093    | 98386    |         4732264 |      2957.6648
 98063    | 98386    |         4732264 |      2957.6648
 98001    | 98386    |         4732264 |      2957.6648
 98003    | 98386    |         4732264 |      2957.6648
 98033    | 98393    |         4732024 |       2957.515
 98083    | 98393    |         4732024 |       2957.515
 98034    | 98393    |         4732024 |       2957.515
 98001    | 98384    |         4731400 |       2957.125
 98093    | 98384    |         4731400 |       2957.125
 98063    | 98384    |         4731400 |       2957.125
 98003    | 98384    |         4731400 |       2957.125
 98023    | 98384    |         4731400 |       2957.125
 98003    | 98349    |         4730065 |      2956.2905
 98023    | 98349    |         4730065 |      2956.2905
 98063    | 98349    |         4730065 |      2956.2905
 98001    | 98349    |         4730065 |      2956.2905
 98093    | 98349    |         4730065 |      2956.2905
 98011    | 98366    |         4729756 |      2956.0974
 98021    | 98367    |         4729756 |      2956.0974
 98021    | 98366    |         4729756 |      2956.0974
 98041    | 98367    |         4729756 |      2956.0974
 98041    | 98366    |         4729756 |      2956.0974
 98011    | 98367    |         4729756 |      2956.0974
 98033    | 98310    |         4729121 |      2955.7002
 98083    | 98310    |         4729121 |      2955.7002
 98034    | 98310    |         4729121 |      2955.7002
 98033    | 98351    |         4728754 |       2955.471
 98034    | 98351    |         4728754 |       2955.471
 98083    | 98351    |         4728754 |       2955.471
 98063    | 98394    |         4728614 |      2955.3835
 98003    | 98394    |         4728614 |      2955.3835
 98023    | 98394    |         4728614 |      2955.3835
 98001    | 98394    |         4728614 |      2955.3835
 98093    | 98394    |         4728614 |      2955.3835
 98034    | 98524    |         4728408 |      2955.2546
 98033    | 98524    |         4728408 |      2955.2546
 98083    | 98524    |         4728408 |      2955.2546
 98063    | 98287    |         4727999 |      2954.9993
 98023    | 98287    |         4727999 |      2954.9993
 98001    | 98287    |         4727999 |      2954.9993
 98003    | 98287    |         4727999 |      2954.9993
 98093    | 98287    |         4727999 |      2954.9993
 98083    | 98312    |         4727715 |      2954.8215
 98034    | 98312    |         4727715 |      2954.8215
 98083    | 98337    |         4727715 |      2954.8215
 98033    | 98312    |         4727715 |      2954.8215
 98033    | 98337    |         4727715 |      2954.8215
 98034    | 98337    |         4727715 |      2954.8215
 98034    | 98314    |         4727660 |       2954.787
 98033    | 98314    |         4727660 |       2954.787
 98083    | 98314    |         4727660 |       2954.787
 98021    | 98359    |         4724335 |       2952.709
 98011    | 98359    |         4724335 |       2952.709
 98041    | 98359    |         4724335 |       2952.709
 98063    | 98367    |         4723826 |      2952.3909
 98001    | 98367    |         4723826 |      2952.3909
 98003    | 98367    |         4723826 |      2952.3909
 98023    | 98367    |         4723826 |      2952.3909
 98001    | 98366    |         4723826 |      2952.3909
 98003    | 98366    |         4723826 |      2952.3909
 98023    | 98366    |         4723826 |      2952.3909
 98063    | 98366    |         4723826 |      2952.3909
 98093    | 98366    |         4723826 |      2952.3909
 98093    | 98367    |         4723826 |      2952.3909
 98083    | 98386    |         4720968 |      2950.6047
 98034    | 98386    |         4720968 |      2950.6047
 98033    | 98386    |         4720968 |      2950.6047
 98083    | 98384    |         4720104 |      2950.0647
 98033    | 98384    |         4720104 |      2950.0647
 98034    | 98384    |         4720104 |      2950.0647
 98041    | 98322    |         4719038 |      2949.3984
 98011    | 98322    |         4719038 |      2949.3984
 98021    | 98322    |         4719038 |      2949.3984
 98083    | 98349    |         4718769 |      2949.2302
 98034    | 98349    |         4718769 |      2949.2302
 98033    | 98349    |         4718769 |      2949.2302
 98001    | 98359    |         4718405 |      2949.0032
 98023    | 98359    |         4718405 |      2949.0032
 98063    | 98359    |         4718405 |      2949.0032
 98093    | 98359    |         4718405 |      2949.0032
 98003    | 98359    |         4718405 |      2949.0032
 98034    | 98394    |         4717317 |      2948.3232
 98083    | 98394    |         4717317 |      2948.3232
 98033    | 98394    |         4717317 |      2948.3232
 98033    | 98287    |         4716703 |       2947.939
 98083    | 98287    |         4716703 |       2947.939
 98034    | 98287    |         4716703 |       2947.939
 98021    | 98329    |         4716517 |      2947.8232
 98011    | 98332    |         4716517 |      2947.8232
 98011    | 98329    |         4716517 |      2947.8232
 98041    | 98335    |         4716517 |      2947.8232
 98021    | 98335    |         4716517 |      2947.8232
 98021    | 98332    |         4716517 |      2947.8232
 98041    | 98329    |         4716517 |      2947.8232
 98041    | 98332    |         4716517 |      2947.8232
 98011    | 98335    |         4716517 |      2947.8232
 98021    | 98395    |         4716326 |      2947.7034
 98041    | 98395    |         4716326 |      2947.7034
 98011    | 98395    |         4716326 |      2947.7034
 98063    | 98322    |         4713108 |      2945.6921
 98093    | 98322    |         4713108 |      2945.6921
 98003    | 98322    |         4713108 |      2945.6921
 98023    | 98322    |         4713108 |      2945.6921
 98001    | 98322    |         4713108 |      2945.6921
 98083    | 98366    |         4712530 |       2945.331
 98034    | 98367    |         4712530 |       2945.331
 98033    | 98367    |         4712530 |       2945.331
 98033    | 98366    |         4712530 |       2945.331
 98034    | 98366    |         4712530 |       2945.331
 98083    | 98367    |         4712530 |       2945.331
 98003    | 98332    |         4710587 |       2944.117
 98063    | 98332    |         4710587 |       2944.117
 98063    | 98335    |         4710587 |       2944.117
 98001    | 98329    |         4710587 |       2944.117
 98001    | 98332    |         4710587 |       2944.117
 98093    | 98335    |         4710587 |       2944.117
 98023    | 98329    |         4710587 |       2944.117
 98003    | 98329    |         4710587 |       2944.117
 98003    | 98335    |         4710587 |       2944.117
 98001    | 98335    |         4710587 |       2944.117
 98023    | 98332    |         4710587 |       2944.117
 98093    | 98332    |         4710587 |       2944.117
 98093    | 98329    |         4710587 |       2944.117
 98023    | 98335    |         4710587 |       2944.117
 98063    | 98329    |         4710587 |       2944.117
 98003    | 98395    |         4710396 |      2943.9976
 98093    | 98395    |         4710396 |      2943.9976
 98001    | 98395    |         4710396 |      2943.9976
 98023    | 98395    |         4710396 |      2943.9976
 98063    | 98395    |         4710396 |      2943.9976
 98083    | 98359    |         4707109 |      2941.9429
 98033    | 98359    |         4707109 |      2941.9429
 98034    | 98359    |         4707109 |      2941.9429
 98083    | 98322    |         4701811 |      2938.6318
 98033    | 98322    |         4701811 |      2938.6318
 98034    | 98322    |         4701811 |      2938.6318
 98033    | 98332    |         4699291 |      2937.0566
 98033    | 98329    |         4699291 |      2937.0566
 98083    | 98332    |         4699291 |      2937.0566
 98034    | 98329    |         4699291 |      2937.0566
 98083    | 98335    |         4699291 |      2937.0566
 98034    | 98332    |         4699291 |      2937.0566
 98033    | 98335    |         4699291 |      2937.0566
 98034    | 98335    |         4699291 |      2937.0566
 98083    | 98329    |         4699291 |      2937.0566
 98083    | 98395    |         4699100 |      2936.9373
 98033    | 98395    |         4699100 |      2936.9373
 98034    | 98395    |         4699100 |      2936.9373
 98039    | 98083    |         4647597 |       2904.748
 98033    | 98039    |         4647597 |       2904.748
 98034    | 98039    |         4647597 |       2904.748
 98033    | 98040    |         4643288 |      2902.0547
 98034    | 98040    |         4643288 |      2902.0547
 98040    | 98083    |         4643288 |      2902.0547
 98011    | 98398    |         4637941 |       2898.713
 98021    | 98398    |         4637941 |       2898.713
 98041    | 98398    |         4637941 |       2898.713
 98023    | 98398    |         4632011 |      2895.0066
 98001    | 98398    |         4632011 |      2895.0066
 98003    | 98398    |         4632011 |      2895.0066
 98063    | 98398    |         4632011 |      2895.0066
 98093    | 98398    |         4632011 |      2895.0066
 98038    | 98083    |         4630515 |      2894.0718
 98034    | 98038    |         4630515 |      2894.0718
 98033    | 98038    |         4630515 |      2894.0718
 98033    | 98398    |         4620714 |      2887.9463
 98083    | 98398    |         4620714 |      2887.9463
 98034    | 98398    |         4620714 |      2887.9463
 98023    | 99363    |         4347232 |      2717.0198
 98001    | 99363    |         4347232 |      2717.0198
 98422    | 99363    |         4347232 |      2717.0198
 98093    | 99363    |         4347232 |      2717.0198
 98003    | 99363    |         4347232 |      2717.0198
 98063    | 99363    |         4347232 |      2717.0198
 98003    | 99361    |         4346560 |      2716.5996
 98063    | 99361    |         4346560 |      2716.5996
 98001    | 99361    |         4346560 |      2716.5996
 98093    | 99361    |         4346560 |      2716.5996
 98023    | 99361    |         4346560 |      2716.5996
 98422    | 99361    |         4346560 |      2716.5996
 98001    | 99371    |         4343670 |      2714.7937
 98422    | 99371    |         4343670 |      2714.7937
 98093    | 99371    |         4343670 |      2714.7937
 98063    | 99371    |         4343670 |      2714.7937
 98023    | 99371    |         4343670 |      2714.7937
 98003    | 99371    |         4343670 |      2714.7937
 98033    | 99363    |         4335952 |      2709.9697
 98083    | 99363    |         4335952 |      2709.9697
 98034    | 99363    |         4335952 |      2709.9697
 98041    | 99363    |         4335864 |       2709.915
 98021    | 99363    |         4335864 |       2709.915
 98011    | 99363    |         4335864 |       2709.915
 98033    | 99361    |         4335280 |        2709.55
 98034    | 99361    |         4335280 |        2709.55
 98083    | 99361    |         4335280 |        2709.55
 98011    | 99361    |         4335192 |       2709.495
 98041    | 99361    |         4335192 |       2709.495
 98021    | 99361    |         4335192 |       2709.495
 98033    | 99371    |         4332391 |      2707.7441
 98083    | 99371    |         4332391 |      2707.7441
 98034    | 99371    |         4332391 |      2707.7441
 98021    | 99371    |         4332303 |       2707.689
 98041    | 99371    |         4332303 |       2707.689
 98011    | 99371    |         4332303 |       2707.689
 98023    | 99362    |         4322260 |       2701.412
 98003    | 99362    |         4322260 |       2701.412
 98093    | 99362    |         4322260 |       2701.412
 98001    | 99362    |         4322260 |       2701.412
 98063    | 99362    |         4322260 |       2701.412
 98422    | 99362    |         4322260 |       2701.412
 98083    | 99362    |         4310980 |      2694.3623
 98033    | 99362    |         4310980 |      2694.3623
 98034    | 99362    |         4310980 |      2694.3623
 98011    | 99362    |         4310892 |      2694.3076
 98021    | 99362    |         4310892 |      2694.3076
 98041    | 99362    |         4310892 |      2694.3076
 98093    | 99401    |         4306930 |       2691.831
 98422    | 99401    |         4306930 |       2691.831
 98001    | 99401    |         4306930 |       2691.831
 98023    | 99401    |         4306930 |       2691.831
 98063    | 99401    |         4306930 |       2691.831
 98003    | 99401    |         4306930 |       2691.831
 98083    | 99401    |         4295650 |      2684.7812
 98033    | 99401    |         4295650 |      2684.7812
 98034    | 99401    |         4295650 |      2684.7812
 98021    | 99401    |         4295563 |      2684.7266
 98011    | 99401    |         4295563 |      2684.7266
 98041    | 99401    |         4295563 |      2684.7266
 98422    | 99402    |         4281633 |      2676.0205
 98093    | 99402    |         4281633 |      2676.0205
 98063    | 99402    |         4281633 |      2676.0205
 98001    | 99402    |         4281633 |      2676.0205
 98003    | 99402    |         4281633 |      2676.0205
 98023    | 99402    |         4281633 |      2676.0205
 98093    | 99403    |         4271389 |       2669.618
 98063    | 99403    |         4271389 |       2669.618
 98003    | 99403    |         4271389 |       2669.618
 98023    | 99403    |         4271389 |       2669.618
 98001    | 99403    |         4271389 |       2669.618
 98422    | 99403    |         4271389 |       2669.618
 98083    | 99402    |         4270353 |      2668.9707
 98033    | 99402    |         4270353 |      2668.9707
 98034    | 99402    |         4270353 |      2668.9707
 98041    | 99402    |         4270266 |       2668.916
 98011    | 99402    |         4270266 |       2668.916
 98021    | 99402    |         4270266 |       2668.916
 98083    | 99403    |         4260109 |       2662.568
 98033    | 99403    |         4260109 |       2662.568
 98034    | 99403    |         4260109 |       2662.568
 98041    | 99403    |         4260021 |      2662.5132
 98011    | 99403    |         4260021 |      2662.5132
 98021    | 99403    |         4260021 |      2662.5132
 98331    | 98464    |         4066357 |      2541.4731
 98331    | 98406    |         4066357 |      2541.4731
 98331    | 98403    |         4066357 |      2541.4731
 98331    | 98402    |         4066357 |      2541.4731
 98331    | 98490    |         4066357 |      2541.4731
 98331    | 98405    |         4066357 |      2541.4731
 98331    | 98407    |         4066357 |      2541.4731
 98331    | 98465    |         4066357 |      2541.4731
 98331    | 98466    |         4066357 |      2541.4731
 98331    | 98421    |         4066357 |      2541.4731
 98331    | 98416    |         4066357 |      2541.4731
 98331    | 98424    |         4066357 |      2541.4731
 98331    | 98497    |         4066357 |      2541.4731
 98331    | 98493    |         4066357 |      2541.4731
 98357    | 98421    |         4064381 |      2540.2383
 98357    | 98416    |         4064381 |      2540.2383
 98357    | 98403    |         4064381 |      2540.2383
 98357    | 98402    |         4064381 |      2540.2383
 98357    | 98424    |         4064381 |      2540.2383
 98357    | 98490    |         4064381 |      2540.2383
 98357    | 98465    |         4064381 |      2540.2383
 98357    | 98466    |         4064381 |      2540.2383
 98357    | 98493    |         4064381 |      2540.2383
 98357    | 98497    |         4064381 |      2540.2383
 98357    | 98406    |         4064381 |      2540.2383
 98357    | 98407    |         4064381 |      2540.2383
 98357    | 98464    |         4064381 |      2540.2383
 98357    | 98405    |         4064381 |      2540.2383
 98350    | 98466    |         4052835 |      2533.0217
 98350    | 98465    |         4052835 |      2533.0217
 98350    | 98407    |         4052835 |      2533.0217
 98350    | 98424    |         4052835 |      2533.0217
 98350    | 98406    |         4052835 |      2533.0217
 98350    | 98405    |         4052835 |      2533.0217
 98350    | 98421    |         4052835 |      2533.0217
 98350    | 98403    |         4052835 |      2533.0217
 98350    | 98490    |         4052835 |      2533.0217
 98350    | 98493    |         4052835 |      2533.0217
 98350    | 98402    |         4052835 |      2533.0217
 98350    | 98416    |         4052835 |      2533.0217
 98350    | 98464    |         4052835 |      2533.0217
 98350    | 98497    |         4052835 |      2533.0217
 98326    | 98416    |         4042956 |      2526.8474
 98326    | 98424    |         4042956 |      2526.8474
 98326    | 98497    |         4042956 |      2526.8474
 98326    | 98493    |         4042956 |      2526.8474
 98326    | 98490    |         4042956 |      2526.8474
 98326    | 98464    |         4042956 |      2526.8474
 98326    | 98466    |         4042956 |      2526.8474
 98326    | 98465    |         4042956 |      2526.8474
 98326    | 98407    |         4042956 |      2526.8474
 98326    | 98406    |         4042956 |      2526.8474
 98326    | 98405    |         4042956 |      2526.8474
 98326    | 98403    |         4042956 |      2526.8474
 98326    | 98402    |         4042956 |      2526.8474
 98326    | 98421    |         4042956 |      2526.8474
 98381    | 98490    |         4042745 |      2526.7153
 98381    | 98424    |         4042745 |      2526.7153
 98381    | 98421    |         4042745 |      2526.7153
 98381    | 98407    |         4042745 |      2526.7153
 98381    | 98406    |         4042745 |      2526.7153
 98381    | 98405    |         4042745 |      2526.7153
 98381    | 98493    |         4042745 |      2526.7153
 98381    | 98403    |         4042745 |      2526.7153
 98381    | 98416    |         4042745 |      2526.7153
 98381    | 98402    |         4042745 |      2526.7153
 98381    | 98497    |         4042745 |      2526.7153
 98381    | 98464    |         4042745 |      2526.7153
 98381    | 98465    |         4042745 |      2526.7153
 98381    | 98466    |         4042745 |      2526.7153
 98362    | 98465    |         3992412 |       2495.257
 98362    | 98403    |         3992412 |       2495.257
 98363    | 98497    |         3992412 |       2495.257
 98362    | 98402    |         3992412 |       2495.257
 98362    | 98490    |         3992412 |       2495.257
 98362    | 98464    |         3992412 |       2495.257
 98362    | 98466    |         3992412 |       2495.257
 98363    | 98424    |         3992412 |       2495.257
 98363    | 98407    |         3992412 |       2495.257
 98363    | 98406    |         3992412 |       2495.257
 98363    | 98405    |         3992412 |       2495.257
 98363    | 98403    |         3992412 |       2495.257
 98363    | 98402    |         3992412 |       2495.257
 98363    | 98466    |         3992412 |       2495.257
 98362    | 98407    |         3992412 |       2495.257
 98362    | 98406    |         3992412 |       2495.257
 98362    | 98405    |         3992412 |       2495.257
 98363    | 98465    |         3992412 |       2495.257
 98362    | 98421    |         3992412 |       2495.257
 98362    | 98416    |         3992412 |       2495.257
 98362    | 98424    |         3992412 |       2495.257
 98363    | 98493    |         3992412 |       2495.257
 98363    | 98490    |         3992412 |       2495.257
 98363    | 98464    |         3992412 |       2495.257
 98363    | 98416    |         3992412 |       2495.257
 98362    | 98497    |         3992412 |       2495.257
 98362    | 98493    |         3992412 |       2495.257
 98363    | 98421    |         3992412 |       2495.257
 98343    | 98490    |         3967890 |       2479.931
 98343    | 98407    |         3967890 |       2479.931
 98343    | 98465    |         3967890 |       2479.931
 98343    | 98421    |         3967890 |       2479.931
 98343    | 98402    |         3967890 |       2479.931
 98343    | 98403    |         3967890 |       2479.931
 98343    | 98416    |         3967890 |       2479.931
 98343    | 98424    |         3967890 |       2479.931
 98343    | 98493    |         3967890 |       2479.931
 98343    | 98405    |         3967890 |       2479.931
 98343    | 98466    |         3967890 |       2479.931
 98343    | 98497    |         3967890 |       2479.931
 98343    | 98406    |         3967890 |       2479.931
 98343    | 98464    |         3967890 |       2479.931
 98406    | 98548    |         3964989 |       2478.118
 98407    | 98548    |         3964989 |       2478.118
 98464    | 98548    |         3964989 |       2478.118
 98490    | 98548    |         3964989 |       2478.118
 98493    | 98548    |         3964989 |       2478.118
 98497    | 98548    |         3964989 |       2478.118
 98416    | 98548    |         3964989 |       2478.118
 98421    | 98548    |         3964989 |       2478.118
 98424    | 98548    |         3964989 |       2478.118
 98465    | 98548    |         3964989 |       2478.118
 98466    | 98548    |         3964989 |       2478.118
 98402    | 98548    |         3964989 |       2478.118
 98403    | 98548    |         3964989 |       2478.118
 98405    | 98548    |         3964989 |       2478.118
 98236    | 98405    |         3953858 |      2471.1611
 98236    | 98407    |         3953858 |      2471.1611
 98236    | 98493    |         3953858 |      2471.1611
 98236    | 98466    |         3953858 |      2471.1611
 98236    | 98402    |         3953858 |      2471.1611
 98236    | 98403    |         3953858 |      2471.1611
 98236    | 98424    |         3953858 |      2471.1611
 98236    | 98416    |         3953858 |      2471.1611
 98236    | 98406    |         3953858 |      2471.1611
 98236    | 98421    |         3953858 |      2471.1611
 98236    | 98464    |         3953858 |      2471.1611
 98236    | 98465    |         3953858 |      2471.1611
 98236    | 98497    |         3953858 |      2471.1611
 98236    | 98490    |         3953858 |      2471.1611
 98260    | 98493    |         3947283 |       2467.052
 98260    | 98497    |         3947283 |       2467.052
 98260    | 98402    |         3947283 |       2467.052
 98260    | 98466    |         3947283 |       2467.052
 98260    | 98465    |         3947283 |       2467.052
 98260    | 98416    |         3947283 |       2467.052
 98260    | 98407    |         3947283 |       2467.052
 98260    | 98406    |         3947283 |       2467.052
 98260    | 98405    |         3947283 |       2467.052
 98260    | 98424    |         3947283 |       2467.052
 98260    | 98464    |         3947283 |       2467.052
 98260    | 98403    |         3947283 |       2467.052
 98260    | 98490    |         3947283 |       2467.052
 98260    | 98421    |         3947283 |       2467.052
 98249    | 98493    |         3935608 |       2459.755
 98249    | 98465    |         3935608 |       2459.755
 98249    | 98424    |         3935608 |       2459.755
 98249    | 98403    |         3935608 |       2459.755
 98249    | 98416    |         3935608 |       2459.755
 98249    | 98405    |         3935608 |       2459.755
 98249    | 98402    |         3935608 |       2459.755
 98249    | 98497    |         3935608 |       2459.755
 98249    | 98466    |         3935608 |       2459.755
 98249    | 98421    |         3935608 |       2459.755
 98249    | 98406    |         3935608 |       2459.755
 98249    | 98407    |         3935608 |       2459.755
 98249    | 98490    |         3935608 |       2459.755
 98249    | 98464    |         3935608 |       2459.755
 98253    | 98403    |         3927365 |      2454.6033
 98253    | 98406    |         3927365 |      2454.6033
 98253    | 98407    |         3927365 |      2454.6033
 98253    | 98466    |         3927365 |      2454.6033
 98253    | 98465    |         3927365 |      2454.6033
 98253    | 98497    |         3927365 |      2454.6033
 98253    | 98493    |         3927365 |      2454.6033
 98253    | 98490    |         3927365 |      2454.6033
 98253    | 98464    |         3927365 |      2454.6033
 98253    | 98424    |         3927365 |      2454.6033
 98253    | 98416    |         3927365 |      2454.6033
 98253    | 98421    |         3927365 |      2454.6033
 98253    | 98402    |         3927365 |      2454.6033
 98253    | 98405    |         3927365 |      2454.6033
 98324    | 98403    |         3923571 |      2452.2314
 98324    | 98493    |         3923571 |      2452.2314
 98324    | 98405    |         3923571 |      2452.2314
 98324    | 98465    |         3923571 |      2452.2314
 98324    | 98424    |         3923571 |      2452.2314
 98324    | 98466    |         3923571 |      2452.2314
 98324    | 98464    |         3923571 |      2452.2314
 98324    | 98402    |         3923571 |      2452.2314
 98324    | 98406    |         3923571 |      2452.2314
 98324    | 98416    |         3923571 |      2452.2314
 98324    | 98421    |         3923571 |      2452.2314
 98324    | 98407    |         3923571 |      2452.2314
 98324    | 98497    |         3923571 |      2452.2314
 98324    | 98490    |         3923571 |      2452.2314
 98382    | 98465    |         3921077 |      2450.6733
 98382    | 98466    |         3921077 |      2450.6733
 98382    | 98403    |         3921077 |      2450.6733
 98382    | 98497    |         3921077 |      2450.6733
 98382    | 98405    |         3921077 |      2450.6733
 98382    | 98406    |         3921077 |      2450.6733
 98382    | 98407    |         3921077 |      2450.6733
 98382    | 98424    |         3921077 |      2450.6733
 98382    | 98490    |         3921077 |      2450.6733
 98382    | 98464    |         3921077 |      2450.6733
 98382    | 98416    |         3921077 |      2450.6733
 98382    | 98421    |         3921077 |      2450.6733
 98382    | 98493    |         3921077 |      2450.6733
 98382    | 98402    |         3921077 |      2450.6733
 98320    | 98407    |         3915580 |      2447.2373
 98320    | 98402    |         3915580 |      2447.2373
 98320    | 98403    |         3915580 |      2447.2373
 98320    | 98405    |         3915580 |      2447.2373
 98320    | 98406    |         3915580 |      2447.2373
 98320    | 98421    |         3915580 |      2447.2373
 98320    | 98416    |         3915580 |      2447.2373
 98320    | 98424    |         3915580 |      2447.2373
 98320    | 98497    |         3915580 |      2447.2373
 98320    | 98493    |         3915580 |      2447.2373
 98320    | 98490    |         3915580 |      2447.2373
 98320    | 98464    |         3915580 |      2447.2373
 98320    | 98466    |         3915580 |      2447.2373
 98320    | 98465    |         3915580 |      2447.2373
 98239    | 98405    |         3911505 |      2444.6907
 98239    | 98403    |         3911505 |      2444.6907
 98239    | 98402    |         3911505 |      2444.6907
 98239    | 98493    |         3911505 |      2444.6907
 98239    | 98490    |         3911505 |      2444.6907
 98239    | 98466    |         3911505 |      2444.6907
 98239    | 98465    |         3911505 |      2444.6907
 98239    | 98406    |         3911505 |      2444.6907
 98239    | 98407    |         3911505 |      2444.6907
 98239    | 98497    |         3911505 |      2444.6907
 98239    | 98464    |         3911505 |      2444.6907
 98239    | 98424    |         3911505 |      2444.6907
 98239    | 98416    |         3911505 |      2444.6907
 98239    | 98421    |         3911505 |      2444.6907
 98406    | 98555    |         3897912 |       2436.195
 98466    | 98555    |         3897912 |       2436.195
 98464    | 98555    |         3897912 |       2436.195
 98490    | 98555    |         3897912 |       2436.195
 98493    | 98555    |         3897912 |       2436.195
 98497    | 98555    |         3897912 |       2436.195
 98465    | 98555    |         3897912 |       2436.195
 98421    | 98555    |         3897912 |       2436.195
 98407    | 98555    |         3897912 |       2436.195
 98416    | 98555    |         3897912 |       2436.195
 98424    | 98555    |         3897912 |       2436.195
 98405    | 98555    |         3897912 |       2436.195
 98403    | 98555    |         3897912 |       2436.195
 98402    | 98555    |         3897912 |       2436.195
 98002    | 98331    |         3896369 |      2435.2307
 98071    | 98331    |         3896369 |      2435.2307
 98092    | 98331    |         3896369 |      2435.2307
 98042    | 98331    |         3896369 |      2435.2307
 98368    | 98406    |         3895880 |       2434.925
 98368    | 98466    |         3895880 |       2434.925
 98368    | 98490    |         3895880 |       2434.925
 98368    | 98464    |         3895880 |       2434.925
 98368    | 98416    |         3895880 |       2434.925
 98368    | 98465    |         3895880 |       2434.925
 98368    | 98424    |         3895880 |       2434.925
 98368    | 98497    |         3895880 |       2434.925
 98368    | 98403    |         3895880 |       2434.925
 98368    | 98421    |         3895880 |       2434.925
 98368    | 98405    |         3895880 |       2434.925
 98368    | 98493    |         3895880 |       2434.925
 98368    | 98407    |         3895880 |       2434.925
 98368    | 98402    |         3895880 |       2434.925
 98071    | 98357    |         3894394 |      2433.9958
 98042    | 98357    |         3894394 |      2433.9958
 98002    | 98357    |         3894394 |      2433.9958
 98092    | 98357    |         3894394 |      2433.9958
 98358    | 98493    |         3893748 |      2433.5925
 98358    | 98464    |         3893748 |      2433.5925
 98358    | 98402    |         3893748 |      2433.5925
 98358    | 98421    |         3893748 |      2433.5925
 98358    | 98416    |         3893748 |      2433.5925
 98358    | 98490    |         3893748 |      2433.5925
 98358    | 98407    |         3893748 |      2433.5925
 98358    | 98424    |         3893748 |      2433.5925
 98358    | 98403    |         3893748 |      2433.5925
 98358    | 98405    |         3893748 |      2433.5925
 98358    | 98465    |         3893748 |      2433.5925
 98358    | 98466    |         3893748 |      2433.5925
 98358    | 98497    |         3893748 |      2433.5925
 98358    | 98406    |         3893748 |      2433.5925
 98403    | 98560    |         3890578 |       2431.611
 98465    | 98560    |         3890578 |       2431.611
 98402    | 98560    |         3890578 |       2431.611
 98497    | 98560    |         3890578 |       2431.611
 98405    | 98560    |         3890578 |       2431.611
 98424    | 98560    |         3890578 |       2431.611
 98493    | 98560    |         3890578 |       2431.611
 98464    | 98560    |         3890578 |       2431.611
 98490    | 98560    |         3890578 |       2431.611
 98407    | 98560    |         3890578 |       2431.611
 98416    | 98560    |         3890578 |       2431.611
 98421    | 98560    |         3890578 |       2431.611
 98406    | 98560    |         3890578 |       2431.611
 98466    | 98560    |         3890578 |       2431.611
 98325    | 98421    |         3889688 |       2431.055
 98325    | 98466    |         3889688 |       2431.055
 98325    | 98406    |         3889688 |       2431.055
 98325    | 98464    |         3889688 |       2431.055
 98325    | 98490    |         3889688 |       2431.055
 98325    | 98493    |         3889688 |       2431.055
 98325    | 98497    |         3889688 |       2431.055
 98325    | 98465    |         3889688 |       2431.055
 98325    | 98402    |         3889688 |       2431.055
 98325    | 98407    |         3889688 |       2431.055
 98325    | 98403    |         3889688 |       2431.055
 98325    | 98424    |         3889688 |       2431.055
 98325    | 98405    |         3889688 |       2431.055
 98325    | 98416    |         3889688 |       2431.055
 98278    | 98464    |         3888932 |      2430.5823
 98278    | 98416    |         3888932 |      2430.5823
 98278    | 98407    |         3888932 |      2430.5823
 98278    | 98406    |         3888932 |      2430.5823
 98278    | 98405    |         3888932 |      2430.5823
 98277    | 98406    |         3888932 |      2430.5823
 98277    | 98403    |         3888932 |      2430.5823
 98277    | 98402    |         3888932 |      2430.5823
 98278    | 98465    |         3888932 |      2430.5823
 98278    | 98490    |         3888932 |      2430.5823
 98278    | 98466    |         3888932 |      2430.5823
 98278    | 98421    |         3888932 |      2430.5823
 98278    | 98493    |         3888932 |      2430.5823
 98277    | 98464    |         3888932 |      2430.5823
 98278    | 98497    |         3888932 |      2430.5823
 98277    | 98405    |         3888932 |      2430.5823
 98277    | 98490    |         3888932 |      2430.5823
 98277    | 98493    |         3888932 |      2430.5823
 98277    | 98497    |         3888932 |      2430.5823
 98278    | 98403    |         3888932 |      2430.5823
 98277    | 98465    |         3888932 |      2430.5823
 98277    | 98466    |         3888932 |      2430.5823
 98278    | 98402    |         3888932 |      2430.5823
 98277    | 98424    |         3888932 |      2430.5823
 98277    | 98416    |         3888932 |      2430.5823
 98278    | 98424    |         3888932 |      2430.5823
 98277    | 98421    |         3888932 |      2430.5823
 98277    | 98407    |         3888932 |      2430.5823
 98339    | 98464    |         3888231 |      2430.1443
 98339    | 98406    |         3888231 |      2430.1443
 98339    | 98424    |         3888231 |      2430.1443
 98339    | 98490    |         3888231 |      2430.1443
 98339    | 98407    |         3888231 |      2430.1443
 98339    | 98402    |         3888231 |      2430.1443
 98339    | 98416    |         3888231 |      2430.1443
 98339    | 98493    |         3888231 |      2430.1443
 98339    | 98466    |         3888231 |      2430.1443
 98339    | 98421    |         3888231 |      2430.1443
 98339    | 98465    |         3888231 |      2430.1443
 98339    | 98497    |         3888231 |      2430.1443
 98339    | 98403    |         3888231 |      2430.1443
 98339    | 98405    |         3888231 |      2430.1443
 98376    | 98405    |         3886932 |      2429.3323
 98376    | 98497    |         3886932 |      2429.3323
 98376    | 98493    |         3886932 |      2429.3323
 98376    | 98490    |         3886932 |      2429.3323
 98376    | 98464    |         3886932 |      2429.3323
 98376    | 98466    |         3886932 |      2429.3323
 98376    | 98402    |         3886932 |      2429.3323
 98376    | 98424    |         3886932 |      2429.3323
 98376    | 98416    |         3886932 |      2429.3323
 98376    | 98421    |         3886932 |      2429.3323
 98376    | 98465    |         3886932 |      2429.3323
 98376    | 98407    |         3886932 |      2429.3323
 98376    | 98406    |         3886932 |      2429.3323
 98376    | 98403    |         3886932 |      2429.3323
 98071    | 98350    |         3882847 |       2426.779
 98092    | 98350    |         3882847 |       2426.779
 98042    | 98350    |         3882847 |       2426.779
 98002    | 98350    |         3882847 |       2426.779
 98340    | 98490    |         3874776 |       2421.735
 98340    | 98407    |         3874776 |       2421.735
 98340    | 98406    |         3874776 |       2421.735
 98340    | 98402    |         3874776 |       2421.735
 98340    | 98464    |         3874776 |       2421.735
 98340    | 98405    |         3874776 |       2421.735
 98340    | 98403    |         3874776 |       2421.735
 98340    | 98497    |         3874776 |       2421.735
 98340    | 98493    |         3874776 |       2421.735
 98340    | 98421    |         3874776 |       2421.735
 98340    | 98416    |         3874776 |       2421.735
 98340    | 98466    |         3874776 |       2421.735
 98340    | 98424    |         3874776 |       2421.735
 98340    | 98465    |         3874776 |       2421.735
 98071    | 98326    |         3872968 |      2420.6047
 98092    | 98326    |         3872968 |      2420.6047
 98002    | 98326    |         3872968 |      2420.6047
 98042    | 98326    |         3872968 |      2420.6047
 98002    | 98381    |         3872756 |      2420.4727
 98042    | 98381    |         3872756 |      2420.4727
 98092    | 98381    |         3872756 |      2420.4727
 98071    | 98381    |         3872756 |      2420.4727
 98465    | 98592    |         3870844 |      2419.2776
 98493    | 98592    |         3870844 |      2419.2776
 98497    | 98592    |         3870844 |      2419.2776
 98490    | 98592    |         3870844 |      2419.2776
 98464    | 98592    |         3870844 |      2419.2776
 98407    | 98592    |         3870844 |      2419.2776
 98421    | 98592    |         3870844 |      2419.2776
 98416    | 98592    |         3870844 |      2419.2776
 98424    | 98592    |         3870844 |      2419.2776
 98406    | 98592    |         3870844 |      2419.2776
 98466    | 98592    |         3870844 |      2419.2776
 98405    | 98592    |         3870844 |      2419.2776
 98403    | 98592    |         3870844 |      2419.2776
 98402    | 98592    |         3870844 |      2419.2776
 98110    | 98424    |         3870211 |      2418.8818
 98110    | 98497    |         3870211 |      2418.8818
 98110    | 98416    |         3870211 |      2418.8818
 98110    | 98421    |         3870211 |      2418.8818
 98110    | 98402    |         3870211 |      2418.8818
 98110    | 98493    |         3870211 |      2418.8818
 98110    | 98466    |         3870211 |      2418.8818
 98110    | 98465    |         3870211 |      2418.8818
 98110    | 98464    |         3870211 |      2418.8818
 98110    | 98490    |         3870211 |      2418.8818
 98110    | 98406    |         3870211 |      2418.8818
 98110    | 98407    |         3870211 |      2418.8818
 98110    | 98405    |         3870211 |      2418.8818
 98110    | 98403    |         3870211 |      2418.8818
 98365    | 98493    |         3869280 |      2418.2998
 98365    | 98424    |         3869280 |      2418.2998
 98365    | 98464    |         3869280 |      2418.2998
 98365    | 98490    |         3869280 |      2418.2998
 98365    | 98416    |         3869280 |      2418.2998
 98365    | 98497    |         3869280 |      2418.2998
 98365    | 98402    |         3869280 |      2418.2998
 98365    | 98403    |         3869280 |      2418.2998
 98365    | 98405    |         3869280 |      2418.2998
 98365    | 98406    |         3869280 |      2418.2998
 98365    | 98407    |         3869280 |      2418.2998
 98365    | 98465    |         3869280 |      2418.2998
 98365    | 98466    |         3869280 |      2418.2998
 98365    | 98421    |         3869280 |      2418.2998
 98061    | 98464    |         3867806 |      2417.3787
 98061    | 98490    |         3867806 |      2417.3787
 98061    | 98421    |         3867806 |      2417.3787
 98061    | 98465    |         3867806 |      2417.3787
 98061    | 98497    |         3867806 |      2417.3787
 98061    | 98493    |         3867806 |      2417.3787
 98061    | 98403    |         3867806 |      2417.3787
 98061    | 98405    |         3867806 |      2417.3787
 98061    | 98406    |         3867806 |      2417.3787
 98061    | 98466    |         3867806 |      2417.3787
 98061    | 98402    |         3867806 |      2417.3787
 98061    | 98424    |         3867806 |      2417.3787
 98061    | 98407    |         3867806 |      2417.3787
 98061    | 98416    |         3867806 |      2417.3787
 98346    | 98403    |         3866010 |       2416.256
 98346    | 98466    |         3866010 |       2416.256
 98346    | 98424    |         3866010 |       2416.256
 98346    | 98465    |         3866010 |       2416.256
 98346    | 98402    |         3866010 |       2416.256
 98346    | 98406    |         3866010 |       2416.256
 98346    | 98416    |         3866010 |       2416.256
 98346    | 98497    |         3866010 |       2416.256
 98346    | 98493    |         3866010 |       2416.256
 98346    | 98490    |         3866010 |       2416.256
 98346    | 98464    |         3866010 |       2416.256
 98346    | 98421    |         3866010 |       2416.256
 98346    | 98407    |         3866010 |       2416.256
 98346    | 98405    |         3866010 |       2416.256
 98342    | 98466    |         3864235 |      2415.1465
 98342    | 98402    |         3864235 |      2415.1465
 98342    | 98403    |         3864235 |      2415.1465
 98342    | 98406    |         3864235 |      2415.1465
 98342    | 98407    |         3864235 |      2415.1465
 98342    | 98465    |         3864235 |      2415.1465
 98342    | 98405    |         3864235 |      2415.1465
 98342    | 98464    |         3864235 |      2415.1465
 98342    | 98490    |         3864235 |      2415.1465
 98342    | 98493    |         3864235 |      2415.1465
 98342    | 98497    |         3864235 |      2415.1465
 98342    | 98424    |         3864235 |      2415.1465
 98342    | 98416    |         3864235 |      2415.1465
 98342    | 98421    |         3864235 |      2415.1465
 98364    | 98465    |         3861655 |      2413.5344
 98364    | 98464    |         3861655 |      2413.5344
 98364    | 98490    |         3861655 |      2413.5344
 98364    | 98405    |         3861655 |      2413.5344
 98364    | 98493    |         3861655 |      2413.5344
 98364    | 98421    |         3861655 |      2413.5344
 98364    | 98497    |         3861655 |      2413.5344
 98364    | 98406    |         3861655 |      2413.5344
 98364    | 98424    |         3861655 |      2413.5344
 98364    | 98402    |         3861655 |      2413.5344
 98364    | 98416    |         3861655 |      2413.5344
 98364    | 98403    |         3861655 |      2413.5344
 98364    | 98407    |         3861655 |      2413.5344
 98364    | 98466    |         3861655 |      2413.5344
 98392    | 98406    |         3860725 |       2412.953
 98392    | 98466    |         3860725 |       2412.953
 98392    | 98464    |         3860725 |       2412.953
 98392    | 98403    |         3860725 |       2412.953
 98392    | 98402    |         3860725 |       2412.953
 98392    | 98465    |         3860725 |       2412.953
 98392    | 98416    |         3860725 |       2412.953
 98392    | 98424    |         3860725 |       2412.953
 98392    | 98421    |         3860725 |       2412.953
 98392    | 98497    |         3860725 |       2412.953
 98392    | 98493    |         3860725 |       2412.953
 98392    | 98490    |         3860725 |       2412.953
 98392    | 98407    |         3860725 |       2412.953
 98392    | 98405    |         3860725 |       2412.953
 98464    | 98584    |         3858393 |      2411.4954
 98407    | 98584    |         3858393 |      2411.4954
 98490    | 98584    |         3858393 |      2411.4954
 98493    | 98584    |         3858393 |      2411.4954
 98497    | 98584    |         3858393 |      2411.4954
 98466    | 98584    |         3858393 |      2411.4954
 98465    | 98584    |         3858393 |      2411.4954
 98424    | 98584    |         3858393 |      2411.4954
 98402    | 98584    |         3858393 |      2411.4954
 98403    | 98584    |         3858393 |      2411.4954
 98416    | 98584    |         3858393 |      2411.4954
 98405    | 98584    |         3858393 |      2411.4954
 98406    | 98584    |         3858393 |      2411.4954
 98421    | 98584    |         3858393 |      2411.4954
 98424    | 98588    |         3852330 |       2407.706
 98407    | 98588    |         3852330 |       2407.706
 98405    | 98588    |         3852330 |       2407.706
 98403    | 98588    |         3852330 |       2407.706
 98406    | 98588    |         3852330 |       2407.706
 98421    | 98588    |         3852330 |       2407.706
 98402    | 98588    |         3852330 |       2407.706
 98465    | 98588    |         3852330 |       2407.706
 98464    | 98588    |         3852330 |       2407.706
 98490    | 98588    |         3852330 |       2407.706
 98497    | 98588    |         3852330 |       2407.706
 98416    | 98588    |         3852330 |       2407.706
 98493    | 98588    |         3852330 |       2407.706
 98466    | 98588    |         3852330 |       2407.706
 98380    | 98407    |         3851751 |      2407.3442
 98380    | 98406    |         3851751 |      2407.3442
 98380    | 98464    |         3851751 |      2407.3442
 98380    | 98405    |         3851751 |      2407.3442
 98380    | 98424    |         3851751 |      2407.3442
 98380    | 98403    |         3851751 |      2407.3442
 98380    | 98402    |         3851751 |      2407.3442
 98380    | 98465    |         3851751 |      2407.3442
 98380    | 98490    |         3851751 |      2407.3442
 98380    | 98497    |         3851751 |      2407.3442
 98380    | 98493    |         3851751 |      2407.3442
 98380    | 98466    |         3851751 |      2407.3442
 98380    | 98421    |         3851751 |      2407.3442
 98380    | 98416    |         3851751 |      2407.3442
 98370    | 98466    |         3851739 |      2407.3367
 98370    | 98493    |         3851739 |      2407.3367
 98370    | 98490    |         3851739 |      2407.3367
 98370    | 98497    |         3851739 |      2407.3367
 98370    | 98403    |         3851739 |      2407.3367
 98370    | 98407    |         3851739 |      2407.3367
 98370    | 98465    |         3851739 |      2407.3367
 98370    | 98464    |         3851739 |      2407.3367
 98370    | 98405    |         3851739 |      2407.3367
 98370    | 98421    |         3851739 |      2407.3367
 98370    | 98416    |         3851739 |      2407.3367
 98370    | 98406    |         3851739 |      2407.3367
 98370    | 98424    |         3851739 |      2407.3367
 98370    | 98402    |         3851739 |      2407.3367
 98345    | 98497    |         3847393 |      2404.6206
 98345    | 98490    |         3847393 |      2404.6206
 98345    | 98464    |         3847393 |      2404.6206
 98345    | 98403    |         3847393 |      2404.6206
 98345    | 98421    |         3847393 |      2404.6206
 98345    | 98416    |         3847393 |      2404.6206
 98345    | 98424    |         3847393 |      2404.6206
 98345    | 98466    |         3847393 |      2404.6206
 98345    | 98465    |         3847393 |      2404.6206
 98345    | 98402    |         3847393 |      2404.6206
 98345    | 98407    |         3847393 |      2404.6206
 98345    | 98406    |         3847393 |      2404.6206
 98345    | 98405    |         3847393 |      2404.6206
 98345    | 98493    |         3847393 |      2404.6206
 98424    | 98528    |         3847307 |      2404.5667
 98416    | 98528    |         3847307 |      2404.5667
 98464    | 98528    |         3847307 |      2404.5667
 98490    | 98528    |         3847307 |      2404.5667
 98493    | 98528    |         3847307 |      2404.5667
 98497    | 98528    |         3847307 |      2404.5667
 98406    | 98528    |         3847307 |      2404.5667
 98407    | 98528    |         3847307 |      2404.5667
 98402    | 98528    |         3847307 |      2404.5667
 98403    | 98528    |         3847307 |      2404.5667
 98405    | 98528    |         3847307 |      2404.5667
 98465    | 98528    |         3847307 |      2404.5667
 98421    | 98528    |         3847307 |      2404.5667
 98466    | 98528    |         3847307 |      2404.5667
 98315    | 98407    |         3845318 |      2403.3235
 98315    | 98416    |         3845318 |      2403.3235
 98383    | 98493    |         3845318 |      2403.3235
 98315    | 98424    |         3845318 |      2403.3235
 98383    | 98497    |         3845318 |      2403.3235
 98383    | 98424    |         3845318 |      2403.3235
 98383    | 98465    |         3845318 |      2403.3235
 98383    | 98466    |         3845318 |      2403.3235
 98383    | 98402    |         3845318 |      2403.3235
 98383    | 98403    |         3845318 |      2403.3235
 98315    | 98403    |         3845318 |      2403.3235
 98383    | 98405    |         3845318 |      2403.3235
 98383    | 98406    |         3845318 |      2403.3235
 98315    | 98421    |         3845318 |      2403.3235
 98315    | 98464    |         3845318 |      2403.3235
 98383    | 98416    |         3845318 |      2403.3235
 98315    | 98490    |         3845318 |      2403.3235
 98315    | 98493    |         3845318 |      2403.3235
 98315    | 98497    |         3845318 |      2403.3235
 98383    | 98407    |         3845318 |      2403.3235
 98383    | 98421    |         3845318 |      2403.3235
 98383    | 98464    |         3845318 |      2403.3235
 98383    | 98490    |         3845318 |      2403.3235
 98315    | 98466    |         3845318 |      2403.3235
 98315    | 98465    |         3845318 |      2403.3235
 98315    | 98406    |         3845318 |      2403.3235
 98315    | 98405    |         3845318 |      2403.3235
 98315    | 98402    |         3845318 |      2403.3235
 98311    | 98490    |         3843888 |      2402.4297
 98311    | 98416    |         3843888 |      2402.4297
 98311    | 98405    |         3843888 |      2402.4297
 98311    | 98403    |         3843888 |      2402.4297
 98311    | 98407    |         3843888 |      2402.4297
 98311    | 98402    |         3843888 |      2402.4297
 98311    | 98497    |         3843888 |      2402.4297
 98311    | 98466    |         3843888 |      2402.4297
 98311    | 98465    |         3843888 |      2402.4297
 98311    | 98406    |         3843888 |      2402.4297
 98311    | 98424    |         3843888 |      2402.4297
 98311    | 98493    |         3843888 |      2402.4297
 98311    | 98421    |         3843888 |      2402.4297
 98311    | 98464    |         3843888 |      2402.4297
 98353    | 98407    |         3840479 |      2400.2993
 98353    | 98497    |         3840479 |      2400.2993
 98353    | 98402    |         3840479 |      2400.2993
 98353    | 98465    |         3840479 |      2400.2993
 98353    | 98466    |         3840479 |      2400.2993
 98353    | 98421    |         3840479 |      2400.2993
 98353    | 98416    |         3840479 |      2400.2993
 98353    | 98464    |         3840479 |      2400.2993
 98353    | 98490    |         3840479 |      2400.2993
 98353    | 98424    |         3840479 |      2400.2993
 98353    | 98403    |         3840479 |      2400.2993
 98353    | 98405    |         3840479 |      2400.2993
 98353    | 98406    |         3840479 |      2400.2993
 98353    | 98493    |         3840479 |      2400.2993
 98416    | 98546    |         3837873 |      2398.6704
 98407    | 98546    |         3837873 |      2398.6704
 98493    | 98546    |         3837873 |      2398.6704
 98406    | 98546    |         3837873 |      2398.6704
 98424    | 98546    |         3837873 |      2398.6704
 98465    | 98546    |         3837873 |      2398.6704
 98405    | 98546    |         3837873 |      2398.6704
 98490    | 98546    |         3837873 |      2398.6704
 98464    | 98546    |         3837873 |      2398.6704
 98403    | 98546    |         3837873 |      2398.6704
 98402    | 98546    |         3837873 |      2398.6704
 98421    | 98546    |         3837873 |      2398.6704
 98497    | 98546    |         3837873 |      2398.6704
 98466    | 98546    |         3837873 |      2398.6704
 98393    | 98465    |         3832775 |      2395.4841
 98393    | 98416    |         3832775 |      2395.4841
 98393    | 98407    |         3832775 |      2395.4841
 98393    | 98466    |         3832775 |      2395.4841
 98393    | 98406    |         3832775 |      2395.4841
 98393    | 98405    |         3832775 |      2395.4841
 98393    | 98403    |         3832775 |      2395.4841
 98393    | 98424    |         3832775 |      2395.4841
 98393    | 98497    |         3832775 |      2395.4841
 98393    | 98402    |         3832775 |      2395.4841
 98393    | 98421    |         3832775 |      2395.4841
 98393    | 98493    |         3832775 |      2395.4841
 98393    | 98490    |         3832775 |      2395.4841
 98393    | 98464    |         3832775 |      2395.4841
 98310    | 98403    |         3829871 |      2393.6694
 98310    | 98497    |         3829871 |      2393.6694
 98310    | 98493    |         3829871 |      2393.6694
 98310    | 98490    |         3829871 |      2393.6694
 98310    | 98466    |         3829871 |      2393.6694
 98310    | 98465    |         3829871 |      2393.6694
 98310    | 98407    |         3829871 |      2393.6694
 98310    | 98406    |         3829871 |      2393.6694
 98310    | 98402    |         3829871 |      2393.6694
 98310    | 98405    |         3829871 |      2393.6694
 98310    | 98424    |         3829871 |      2393.6694
 98310    | 98416    |         3829871 |      2393.6694
 98310    | 98421    |         3829871 |      2393.6694
 98310    | 98464    |         3829871 |      2393.6694
 98351    | 98464    |         3829505 |      2393.4404
 98351    | 98402    |         3829505 |      2393.4404
 98351    | 98403    |         3829505 |      2393.4404
 98351    | 98497    |         3829505 |      2393.4404
 98351    | 98493    |         3829505 |      2393.4404
 98351    | 98405    |         3829505 |      2393.4404
 98351    | 98406    |         3829505 |      2393.4404
 98351    | 98421    |         3829505 |      2393.4404
 98351    | 98416    |         3829505 |      2393.4404
 98351    | 98465    |         3829505 |      2393.4404
 98351    | 98490    |         3829505 |      2393.4404
 98351    | 98407    |         3829505 |      2393.4404
 98351    | 98466    |         3829505 |      2393.4404
 98351    | 98424    |         3829505 |      2393.4404
 98466    | 98524    |         3829158 |      2393.2239
 98490    | 98524    |         3829158 |      2393.2239
 98402    | 98524    |         3829158 |      2393.2239
 98403    | 98524    |         3829158 |      2393.2239
 98421    | 98524    |         3829158 |      2393.2239
 98406    | 98524    |         3829158 |      2393.2239
 98405    | 98524    |         3829158 |      2393.2239
 98407    | 98524    |         3829158 |      2393.2239
 98493    | 98524    |         3829158 |      2393.2239
 98416    | 98524    |         3829158 |      2393.2239
 98424    | 98524    |         3829158 |      2393.2239
 98497    | 98524    |         3829158 |      2393.2239
 98464    | 98524    |         3829158 |      2393.2239
 98465    | 98524    |         3829158 |      2393.2239
 98312    | 98497    |         3828465 |      2392.7905
 98337    | 98407    |         3828465 |      2392.7905
 98337    | 98406    |         3828465 |      2392.7905
 98337    | 98405    |         3828465 |      2392.7905
 98337    | 98403    |         3828465 |      2392.7905
 98337    | 98402    |         3828465 |      2392.7905
 98337    | 98466    |         3828465 |      2392.7905
 98312    | 98466    |         3828465 |      2392.7905
 98312    | 98465    |         3828465 |      2392.7905
 98312    | 98407    |         3828465 |      2392.7905
 98312    | 98405    |         3828465 |      2392.7905
 98312    | 98403    |         3828465 |      2392.7905
 98312    | 98402    |         3828465 |      2392.7905
 98337    | 98424    |         3828465 |      2392.7905
 98337    | 98416    |         3828465 |      2392.7905
 98337    | 98421    |         3828465 |      2392.7905
 98312    | 98421    |         3828465 |      2392.7905
 98312    | 98416    |         3828465 |      2392.7905
 98337    | 98497    |         3828465 |      2392.7905
 98337    | 98493    |         3828465 |      2392.7905
 98312    | 98424    |         3828465 |      2392.7905
 98337    | 98490    |         3828465 |      2392.7905
 98337    | 98464    |         3828465 |      2392.7905
 98312    | 98493    |         3828465 |      2392.7905
 98312    | 98490    |         3828465 |      2392.7905
 98312    | 98464    |         3828465 |      2392.7905
 98312    | 98406    |         3828465 |      2392.7905
 98337    | 98465    |         3828465 |      2392.7905
 98314    | 98416    |         3828411 |      2392.7568
 98314    | 98402    |         3828411 |      2392.7568
 98314    | 98407    |         3828411 |      2392.7568
 98314    | 98493    |         3828411 |      2392.7568
 98314    | 98497    |         3828411 |      2392.7568
 98314    | 98465    |         3828411 |      2392.7568
 98314    | 98406    |         3828411 |      2392.7568
 98314    | 98424    |         3828411 |      2392.7568
 98314    | 98421    |         3828411 |      2392.7568
 98314    | 98405    |         3828411 |      2392.7568
 98314    | 98490    |         3828411 |      2392.7568
 98314    | 98464    |         3828411 |      2392.7568
 98314    | 98403    |         3828411 |      2392.7568
 98314    | 98466    |         3828411 |      2392.7568
 98002    | 98363    |         3822423 |      2389.0146
 98002    | 98362    |         3822423 |      2389.0146
 98071    | 98362    |         3822423 |      2389.0146
 98071    | 98363    |         3822423 |      2389.0146
 98042    | 98363    |         3822423 |      2389.0146
 98092    | 98363    |         3822423 |      2389.0146
 98042    | 98362    |         3822423 |      2389.0146
 98092    | 98362    |         3822423 |      2389.0146
 98386    | 98406    |         3821718 |       2388.574
 98386    | 98464    |         3821718 |       2388.574
 98386    | 98490    |         3821718 |       2388.574
 98386    | 98493    |         3821718 |       2388.574
 98386    | 98497    |         3821718 |       2388.574
 98386    | 98465    |         3821718 |       2388.574
 98386    | 98466    |         3821718 |       2388.574
 98386    | 98416    |         3821718 |       2388.574
 98386    | 98421    |         3821718 |       2388.574
 98386    | 98424    |         3821718 |       2388.574
 98386    | 98402    |         3821718 |       2388.574
 98386    | 98403    |         3821718 |       2388.574
 98386    | 98405    |         3821718 |       2388.574
 98386    | 98407    |         3821718 |       2388.574
 98384    | 98490    |         3820854 |       2388.034
 98384    | 98407    |         3820854 |       2388.034
 98384    | 98406    |         3820854 |       2388.034
 98384    | 98405    |         3820854 |       2388.034
 98384    | 98403    |         3820854 |       2388.034
 98384    | 98402    |         3820854 |       2388.034
 98384    | 98497    |         3820854 |       2388.034
 98384    | 98466    |         3820854 |       2388.034
 98384    | 98493    |         3820854 |       2388.034
 98384    | 98421    |         3820854 |       2388.034
 98384    | 98416    |         3820854 |       2388.034
 98384    | 98465    |         3820854 |       2388.034
 98384    | 98464    |         3820854 |       2388.034
 98384    | 98424    |         3820854 |       2388.034
 98349    | 98402    |         3819520 |      2387.1997
 98349    | 98421    |         3819520 |      2387.1997
 98349    | 98497    |         3819520 |      2387.1997
 98349    | 98493    |         3819520 |      2387.1997
 98349    | 98490    |         3819520 |      2387.1997
 98349    | 98464    |         3819520 |      2387.1997
 98349    | 98403    |         3819520 |      2387.1997
 98349    | 98465    |         3819520 |      2387.1997
 98349    | 98407    |         3819520 |      2387.1997
 98349    | 98405    |         3819520 |      2387.1997
 98349    | 98466    |         3819520 |      2387.1997
 98349    | 98406    |         3819520 |      2387.1997
 98349    | 98424    |         3819520 |      2387.1997
 98349    | 98416    |         3819520 |      2387.1997
 98270    | 98331    |         3818346 |      2386.4658
 98207    | 98331    |         3818346 |      2386.4658
 98259    | 98331    |         3818346 |      2386.4658
 98271    | 98331    |         3818346 |      2386.4658
 98394    | 98403    |         3818068 |      2386.2922
 98394    | 98405    |         3818068 |      2386.2922
 98394    | 98406    |         3818068 |      2386.2922
 98394    | 98407    |         3818068 |      2386.2922
 98394    | 98424    |         3818068 |      2386.2922
 98394    | 98464    |         3818068 |      2386.2922
 98394    | 98421    |         3818068 |      2386.2922
 98394    | 98416    |         3818068 |      2386.2922
 98394    | 98490    |         3818068 |      2386.2922
 98394    | 98493    |         3818068 |      2386.2922
 98394    | 98402    |         3818068 |      2386.2922
 98394    | 98497    |         3818068 |      2386.2922
 98394    | 98466    |         3818068 |      2386.2922
 98394    | 98465    |         3818068 |      2386.2922
 98287    | 98421    |         3817453 |      2385.9082
 98287    | 98465    |         3817453 |      2385.9082
 98287    | 98466    |         3817453 |      2385.9082
 98287    | 98424    |         3817453 |      2385.9082
 98287    | 98402    |         3817453 |      2385.9082
 98287    | 98407    |         3817453 |      2385.9082
 98287    | 98497    |         3817453 |      2385.9082
 98287    | 98464    |         3817453 |      2385.9082
 98287    | 98490    |         3817453 |      2385.9082
 98287    | 98405    |         3817453 |      2385.9082
 98287    | 98403    |         3817453 |      2385.9082
 98287    | 98493    |         3817453 |      2385.9082
 98287    | 98406    |         3817453 |      2385.9082
 98287    | 98416    |         3817453 |      2385.9082
 98207    | 98357    |         3816370 |      2385.2312
 98259    | 98357    |         3816370 |      2385.2312
 98271    | 98357    |         3816370 |      2385.2312
 98270    | 98357    |         3816370 |      2385.2312
 98367    | 98464    |         3813280 |         2383.3
 98367    | 98465    |         3813280 |         2383.3
 98366    | 98402    |         3813280 |         2383.3
 98366    | 98465    |         3813280 |         2383.3
 98366    | 98466    |         3813280 |         2383.3
 98366    | 98421    |         3813280 |         2383.3
 98367    | 98406    |         3813280 |         2383.3
 98367    | 98402    |         3813280 |         2383.3
 98367    | 98403    |         3813280 |         2383.3
 98367    | 98405    |         3813280 |         2383.3
 98367    | 98466    |         3813280 |         2383.3
 98367    | 98490    |         3813280 |         2383.3
 98367    | 98493    |         3813280 |         2383.3
 98366    | 98464    |         3813280 |         2383.3
 98366    | 98497    |         3813280 |         2383.3
 98366    | 98406    |         3813280 |         2383.3
 98366    | 98493    |         3813280 |         2383.3
 98367    | 98497    |         3813280 |         2383.3
 98366    | 98490    |         3813280 |         2383.3
 98366    | 98407    |         3813280 |         2383.3
 98366    | 98405    |         3813280 |         2383.3
 98367    | 98407    |         3813280 |         2383.3
 98366    | 98416    |         3813280 |         2383.3
 98366    | 98424    |         3813280 |         2383.3
 98367    | 98421    |         3813280 |         2383.3
 98366    | 98403    |         3813280 |         2383.3
 98367    | 98416    |         3813280 |         2383.3
 98367    | 98424    |         3813280 |         2383.3
 98359    | 98407    |         3807859 |       2379.912
 98359    | 98406    |         3807859 |       2379.912
 98359    | 98405    |         3807859 |       2379.912
 98359    | 98465    |         3807859 |       2379.912
 98359    | 98421    |         3807859 |       2379.912
 98359    | 98493    |         3807859 |       2379.912
 98359    | 98466    |         3807859 |       2379.912
 98359    | 98416    |         3807859 |       2379.912
 98359    | 98497    |         3807859 |       2379.912
 98359    | 98464    |         3807859 |       2379.912
 98359    | 98490    |         3807859 |       2379.912
 98359    | 98403    |         3807859 |       2379.912
 98359    | 98402    |         3807859 |       2379.912
 98359    | 98424    |         3807859 |       2379.912
 98270    | 98350    |         3804823 |      2378.0142
 98271    | 98350    |         3804823 |      2378.0142
 98207    | 98350    |         3804823 |      2378.0142
 98259    | 98350    |         3804823 |      2378.0142
 98322    | 98424    |         3802562 |      2376.6008
 98322    | 98405    |         3802562 |      2376.6008
 98322    | 98421    |         3802562 |      2376.6008
 98322    | 98464    |         3802562 |      2376.6008
 98322    | 98490    |         3802562 |      2376.6008
 98322    | 98493    |         3802562 |      2376.6008
 98322    | 98497    |         3802562 |      2376.6008
 98322    | 98416    |         3802562 |      2376.6008
 98322    | 98466    |         3802562 |      2376.6008
 98322    | 98465    |         3802562 |      2376.6008
 98322    | 98407    |         3802562 |      2376.6008
 98322    | 98406    |         3802562 |      2376.6008
 98322    | 98403    |         3802562 |      2376.6008
 98322    | 98402    |         3802562 |      2376.6008
 98332    | 98421    |         3800041 |      2375.0256
 98332    | 98464    |         3800041 |      2375.0256
 98332    | 98424    |         3800041 |      2375.0256
 98332    | 98490    |         3800041 |      2375.0256
 98332    | 98493    |         3800041 |      2375.0256
 98332    | 98497    |         3800041 |      2375.0256
 98335    | 98407    |         3800041 |      2375.0256
 98335    | 98406    |         3800041 |      2375.0256
 98335    | 98424    |         3800041 |      2375.0256
 98335    | 98416    |         3800041 |      2375.0256
 98335    | 98421    |         3800041 |      2375.0256
 98329    | 98493    |         3800041 |      2375.0256
 98335    | 98405    |         3800041 |      2375.0256
 98335    | 98403    |         3800041 |      2375.0256
 98332    | 98465    |         3800041 |      2375.0256
 98335    | 98402    |         3800041 |      2375.0256
 98332    | 98466    |         3800041 |      2375.0256
 98335    | 98465    |         3800041 |      2375.0256
 98335    | 98464    |         3800041 |      2375.0256
 98332    | 98407    |         3800041 |      2375.0256
 98329    | 98497    |         3800041 |      2375.0256
 98332    | 98406    |         3800041 |      2375.0256
 98332    | 98416    |         3800041 |      2375.0256
 98332    | 98405    |         3800041 |      2375.0256
 98332    | 98403    |         3800041 |      2375.0256
 98329    | 98424    |         3800041 |      2375.0256
 98332    | 98402    |         3800041 |      2375.0256
 98329    | 98407    |         3800041 |      2375.0256
 98329    | 98406    |         3800041 |      2375.0256
 98329    | 98405    |         3800041 |      2375.0256
 98329    | 98403    |         3800041 |      2375.0256
 98329    | 98402    |         3800041 |      2375.0256
 98335    | 98497    |         3800041 |      2375.0256
 98329    | 98466    |         3800041 |      2375.0256
 98329    | 98464    |         3800041 |      2375.0256
 98329    | 98490    |         3800041 |      2375.0256
 98335    | 98493    |         3800041 |      2375.0256
 98329    | 98421    |         3800041 |      2375.0256
 98335    | 98490    |         3800041 |      2375.0256
 98335    | 98466    |         3800041 |      2375.0256
 98329    | 98465    |         3800041 |      2375.0256
 98329    | 98416    |         3800041 |      2375.0256
 98395    | 98424    |         3799850 |      2374.9062
 98395    | 98466    |         3799850 |      2374.9062
 98395    | 98406    |         3799850 |      2374.9062
 98395    | 98405    |         3799850 |      2374.9062
 98395    | 98403    |         3799850 |      2374.9062
 98395    | 98407    |         3799850 |      2374.9062
 98395    | 98464    |         3799850 |      2374.9062
 98395    | 98497    |         3799850 |      2374.9062
 98395    | 98465    |         3799850 |      2374.9062
 98395    | 98493    |         3799850 |      2374.9062
 98395    | 98402    |         3799850 |      2374.9062
 98395    | 98490    |         3799850 |      2374.9062
 98395    | 98421    |         3799850 |      2374.9062
 98395    | 98416    |         3799850 |      2374.9062
 98092    | 98343    |         3797901 |      2373.6882
 98042    | 98343    |         3797901 |      2373.6882
 98002    | 98343    |         3797901 |      2373.6882
 98071    | 98343    |         3797901 |      2373.6882
 98071    | 98548    |         3795001 |      2371.8752
 98092    | 98548    |         3795001 |      2371.8752
 98002    | 98548    |         3795001 |      2371.8752
 98042    | 98548    |         3795001 |      2371.8752
 98207    | 98326    |         3794944 |      2371.8398
 98259    | 98326    |         3794944 |      2371.8398
 98271    | 98326    |         3794944 |      2371.8398
 98270    | 98326    |         3794944 |      2371.8398
 98259    | 98381    |         3794733 |       2371.708
 98271    | 98381    |         3794733 |       2371.708
 98207    | 98381    |         3794733 |       2371.708
 98270    | 98381    |         3794733 |       2371.708
 98092    | 98236    |         3783870 |      2364.9187
 98042    | 98236    |         3783870 |      2364.9187
 98071    | 98236    |         3783870 |      2364.9187
 98002    | 98236    |         3783870 |      2364.9187
 98092    | 98260    |         3777295 |      2360.8093
 98071    | 98260    |         3777295 |      2360.8093
 98042    | 98260    |         3777295 |      2360.8093
 98002    | 98260    |         3777295 |      2360.8093
 98002    | 98249    |         3765620 |      2353.5125
 98092    | 98249    |         3765620 |      2353.5125
 98071    | 98249    |         3765620 |      2353.5125
 98042    | 98249    |         3765620 |      2353.5125
 98071    | 98253    |         3757378 |      2348.3608
 98002    | 98253    |         3757378 |      2348.3608
 98042    | 98253    |         3757378 |      2348.3608
 98092    | 98253    |         3757378 |      2348.3608
 98042    | 98324    |         3753582 |       2345.989
 98092    | 98324    |         3753582 |       2345.989
 98071    | 98324    |         3753582 |       2345.989
 98002    | 98324    |         3753582 |       2345.989
 98002    | 98382    |         3751089 |      2344.4304
 98092    | 98382    |         3751089 |      2344.4304
 98071    | 98382    |         3751089 |      2344.4304
 98042    | 98382    |         3751089 |      2344.4304
 98042    | 98320    |         3745591 |      2340.9946
 98002    | 98320    |         3745591 |      2340.9946
 98092    | 98320    |         3745591 |      2340.9946
 98071    | 98320    |         3745591 |      2340.9946
 98207    | 98362    |         3744400 |      2340.2498
 98207    | 98363    |         3744400 |      2340.2498
 98270    | 98362    |         3744400 |      2340.2498
 98270    | 98363    |         3744400 |      2340.2498
 98271    | 98362    |         3744400 |      2340.2498
 98259    | 98362    |         3744400 |      2340.2498
 98259    | 98363    |         3744400 |      2340.2498
 98271    | 98363    |         3744400 |      2340.2498
 98042    | 98239    |         3741517 |       2338.448
 98092    | 98239    |         3741517 |       2338.448
 98002    | 98239    |         3741517 |       2338.448
 98071    | 98239    |         3741517 |       2338.448
 98071    | 98368    |         3725893 |      2328.6829
 98002    | 98368    |         3725893 |      2328.6829
 98092    | 98368    |         3725893 |      2328.6829
 98042    | 98368    |         3725893 |      2328.6829
 98042    | 98358    |         3723760 |        2327.35
 98071    | 98358    |         3723760 |        2327.35
 98002    | 98358    |         3723760 |        2327.35
 98092    | 98358    |         3723760 |        2327.35
 98398    | 98497    |         3721465 |      2325.9153
 98398    | 98407    |         3721465 |      2325.9153
 98398    | 98406    |         3721465 |      2325.9153
 98398    | 98421    |         3721465 |      2325.9153
 98398    | 98465    |         3721465 |      2325.9153
 98398    | 98466    |         3721465 |      2325.9153
 98398    | 98405    |         3721465 |      2325.9153
 98398    | 98403    |         3721465 |      2325.9153
 98398    | 98402    |         3721465 |      2325.9153
 98398    | 98424    |         3721465 |      2325.9153
 98398    | 98464    |         3721465 |      2325.9153
 98398    | 98416    |         3721465 |      2325.9153
 98398    | 98490    |         3721465 |      2325.9153
 98398    | 98493    |         3721465 |      2325.9153
 98042    | 98560    |         3720590 |      2325.3684
 98071    | 98560    |         3720590 |      2325.3684
 98002    | 98560    |         3720590 |      2325.3684
 98092    | 98560    |         3720590 |      2325.3684
 98271    | 98343    |         3719878 |      2324.9236
 98270    | 98343    |         3719878 |      2324.9236
 98259    | 98343    |         3719878 |      2324.9236
 98207    | 98343    |         3719878 |      2324.9236
 98042    | 98277    |         3718943 |      2324.3396
 98042    | 98278    |         3718943 |      2324.3396
 98002    | 98278    |         3718943 |      2324.3396
 98071    | 98278    |         3718943 |      2324.3396
 98071    | 98277    |         3718943 |      2324.3396
 98002    | 98277    |         3718943 |      2324.3396
 98092    | 98278    |         3718943 |      2324.3396
 98092    | 98277    |         3718943 |      2324.3396
 98042    | 98555    |         3718755 |       2324.222
 98071    | 98555    |         3718755 |       2324.222
 98002    | 98555    |         3718755 |       2324.222
 98092    | 98555    |         3718755 |       2324.222
 98042    | 98339    |         3718243 |       2323.902
 98092    | 98339    |         3718243 |       2323.902
 98071    | 98339    |         3718243 |       2323.902
 98002    | 98339    |         3718243 |       2323.902
 98271    | 98548    |         3716977 |      2323.1104
 98270    | 98548    |         3716977 |      2323.1104
 98207    | 98548    |         3716977 |      2323.1104
 98259    | 98548    |         3716977 |      2323.1104
 98092    | 98376    |         3716943 |      2323.0896
 98042    | 98376    |         3716943 |      2323.0896
 98071    | 98376    |         3716943 |      2323.0896
 98002    | 98376    |         3716943 |      2323.0896
 98002    | 98325    |         3710531 |      2319.0818
 98092    | 98325    |         3710531 |      2319.0818
 98042    | 98325    |         3710531 |      2319.0818
 98071    | 98325    |         3710531 |      2319.0818
 98236    | 98259    |         3705846 |      2316.1536
 98236    | 98270    |         3705846 |      2316.1536
 98236    | 98271    |         3705846 |      2316.1536
 98207    | 98236    |         3705846 |      2316.1536
 98092    | 98340    |         3704788 |      2315.4924
 98002    | 98340    |         3704788 |      2315.4924
 98042    | 98340    |         3704788 |      2315.4924
 98071    | 98340    |         3704788 |      2315.4924
 98092    | 98592    |         3700856 |       2313.035
 98071    | 98592    |         3700856 |       2313.035
 98002    | 98592    |         3700856 |       2313.035
 98042    | 98592    |         3700856 |       2313.035
 98042    | 98110    |         3700223 |      2312.6394
 98002    | 98110    |         3700223 |      2312.6394
 98071    | 98110    |         3700223 |      2312.6394
 98092    | 98110    |         3700223 |      2312.6394
 98092    | 98365    |         3699292 |      2312.0574
 98071    | 98365    |         3699292 |      2312.0574
 98042    | 98365    |         3699292 |      2312.0574
 98002    | 98365    |         3699292 |      2312.0574
 98260    | 98271    |         3699271 |      2312.0444
 98260    | 98270    |         3699271 |      2312.0444
 98259    | 98260    |         3699271 |      2312.0444
 98207    | 98260    |         3699271 |      2312.0444
 98061    | 98092    |         3697818 |       2311.136
 98042    | 98061    |         3697818 |       2311.136
 98002    | 98061    |         3697818 |       2311.136
 98061    | 98071    |         3697818 |       2311.136
 98042    | 98346    |         3696022 |      2310.0134
 98092    | 98346    |         3696022 |      2310.0134
 98002    | 98346    |         3696022 |      2310.0134
 98071    | 98346    |         3696022 |      2310.0134
 98071    | 98342    |         3694247 |      2308.9043
 98002    | 98342    |         3694247 |      2308.9043
 98042    | 98342    |         3694247 |      2308.9043
 98092    | 98342    |         3694247 |      2308.9043
 98042    | 98364    |         3691667 |       2307.292
 98071    | 98364    |         3691667 |       2307.292
 98002    | 98364    |         3691667 |       2307.292
 98092    | 98364    |         3691667 |       2307.292
 98042    | 98392    |         3690737 |      2306.7102
 98071    | 98392    |         3690737 |      2306.7102
 98092    | 98392    |         3690737 |      2306.7102
 98002    | 98392    |         3690737 |      2306.7102
 98071    | 98584    |         3688405 |      2305.2532
 98002    | 98584    |         3688405 |      2305.2532
 98042    | 98584    |         3688405 |      2305.2532
 98092    | 98584    |         3688405 |      2305.2532
 98249    | 98271    |         3687596 |      2304.7473
 98249    | 98270    |         3687596 |      2304.7473
 98249    | 98259    |         3687596 |      2304.7473
 98207    | 98249    |         3687596 |      2304.7473
 98092    | 98588    |         3682342 |      2301.4636
 98042    | 98588    |         3682342 |      2301.4636
 98002    | 98588    |         3682342 |      2301.4636
 98071    | 98588    |         3682342 |      2301.4636
 98002    | 98380    |         3681763 |      2301.1018
 98071    | 98380    |         3681763 |      2301.1018
 98092    | 98380    |         3681763 |      2301.1018
 98042    | 98380    |         3681763 |      2301.1018
 98071    | 98370    |         3681751 |       2301.094
 98092    | 98370    |         3681751 |       2301.094
 98002    | 98370    |         3681751 |       2301.094
 98042    | 98370    |         3681751 |       2301.094
 98253    | 98271    |         3679354 |      2299.5962
 98253    | 98259    |         3679354 |      2299.5962
 98207    | 98253    |         3679354 |      2299.5962
 98253    | 98270    |         3679354 |      2299.5962
 98071    | 98345    |         3677405 |       2298.378
 98092    | 98345    |         3677405 |       2298.378
 98042    | 98345    |         3677405 |       2298.378
 98002    | 98345    |         3677405 |       2298.378
 98042    | 98528    |         3677318 |       2298.324
 98092    | 98528    |         3677318 |       2298.324
 98071    | 98528    |         3677318 |       2298.324
 98002    | 98528    |         3677318 |       2298.324
 98271    | 98324    |         3675559 |       2297.224
 98207    | 98324    |         3675559 |       2297.224
 98259    | 98324    |         3675559 |       2297.224
 98270    | 98324    |         3675559 |       2297.224
 98092    | 98315    |         3675329 |      2297.0806
 98042    | 98315    |         3675329 |      2297.0806
 98002    | 98383    |         3675329 |      2297.0806
 98071    | 98383    |         3675329 |      2297.0806
 98071    | 98315    |         3675329 |      2297.0806
 98042    | 98383    |         3675329 |      2297.0806
 98002    | 98315    |         3675329 |      2297.0806
 98092    | 98383    |         3675329 |      2297.0806
 98002    | 98311    |         3673900 |      2296.1873
 98071    | 98311    |         3673900 |      2296.1873
 98042    | 98311    |         3673900 |      2296.1873
 98092    | 98311    |         3673900 |      2296.1873
 98207    | 98382    |         3673065 |      2295.6658
 98259    | 98382    |         3673065 |      2295.6658
 98271    | 98382    |         3673065 |      2295.6658
 98270    | 98382    |         3673065 |      2295.6658
 98042    | 98353    |         3670491 |      2294.0566
 98002    | 98353    |         3670491 |      2294.0566
 98071    | 98353    |         3670491 |      2294.0566
 98092    | 98353    |         3670491 |      2294.0566
 98092    | 98546    |         3667884 |      2292.4277
 98002    | 98546    |         3667884 |      2292.4277
 98042    | 98546    |         3667884 |      2292.4277
 98071    | 98546    |         3667884 |      2292.4277
 98259    | 98320    |         3667568 |      2292.2297
 98270    | 98320    |         3667568 |      2292.2297
 98207    | 98320    |         3667568 |      2292.2297
 98271    | 98320    |         3667568 |      2292.2297
 98239    | 98271    |         3663493 |      2289.6833
 98239    | 98259    |         3663493 |      2289.6833
 98207    | 98239    |         3663493 |      2289.6833
 98239    | 98270    |         3663493 |      2289.6833
 98071    | 98393    |         3662787 |      2289.2417
 98092    | 98393    |         3662787 |      2289.2417
 98042    | 98393    |         3662787 |      2289.2417
 98002    | 98393    |         3662787 |      2289.2417
 98002    | 98310    |         3659883 |       2287.427
 98042    | 98310    |         3659883 |       2287.427
 98071    | 98310    |         3659883 |       2287.427
 98092    | 98310    |         3659883 |       2287.427
 98042    | 98351    |         3659516 |      2287.1978
 98092    | 98351    |         3659516 |      2287.1978
 98071    | 98351    |         3659516 |      2287.1978
 98002    | 98351    |         3659516 |      2287.1978
 98092    | 98524    |         3659170 |      2286.9814
 98042    | 98524    |         3659170 |      2286.9814
 98071    | 98524    |         3659170 |      2286.9814
 98002    | 98524    |         3659170 |      2286.9814
 98042    | 98312    |         3658477 |       2286.548
 98042    | 98337    |         3658477 |       2286.548
 98002    | 98337    |         3658477 |       2286.548
 98002    | 98312    |         3658477 |       2286.548
 98092    | 98312    |         3658477 |       2286.548
 98071    | 98312    |         3658477 |       2286.548
 98092    | 98337    |         3658477 |       2286.548
 98071    | 98337    |         3658477 |       2286.548
 98092    | 98314    |         3658422 |       2286.514
 98002    | 98314    |         3658422 |       2286.514
 98042    | 98314    |         3658422 |       2286.514
 98071    | 98314    |         3658422 |       2286.514
 98002    | 98386    |         3651731 |      2282.3315
 98042    | 98386    |         3651731 |      2282.3315
 98092    | 98386    |         3651731 |      2282.3315
 98071    | 98386    |         3651731 |      2282.3315
 98092    | 98384    |         3650866 |      2281.7913
 98002    | 98384    |         3650866 |      2281.7913
 98071    | 98384    |         3650866 |      2281.7913
 98042    | 98384    |         3650866 |      2281.7913
 98271    | 98555    |         3649900 |      2281.1877
 98259    | 98555    |         3649900 |      2281.1877
 98270    | 98555    |         3649900 |      2281.1877
 98207    | 98555    |         3649900 |      2281.1877
 98002    | 98349    |         3649531 |       2280.957
 98092    | 98349    |         3649531 |       2280.957
 98042    | 98349    |         3649531 |       2280.957
 98071    | 98349    |         3649531 |       2280.957
 98002    | 98394    |         3648080 |      2280.0498
 98092    | 98394    |         3648080 |      2280.0498
 98042    | 98394    |         3648080 |      2280.0498
 98071    | 98394    |         3648080 |      2280.0498
 98271    | 98368    |         3647869 |       2279.918
 98270    | 98368    |         3647869 |       2279.918
 98207    | 98368    |         3647869 |       2279.918
 98259    | 98368    |         3647869 |       2279.918
 98042    | 98287    |         3647465 |      2279.6655
 98071    | 98287    |         3647465 |      2279.6655
 98002    | 98287    |         3647465 |      2279.6655
 98092    | 98287    |         3647465 |      2279.6655
 98271    | 98358    |         3645736 |      2278.5852
 98270    | 98358    |         3645736 |      2278.5852
 98259    | 98358    |         3645736 |      2278.5852
 98207    | 98358    |         3645736 |      2278.5852
 98071    | 98367    |         3643292 |      2277.0576
 98002    | 98367    |         3643292 |      2277.0576
 98092    | 98366    |         3643292 |      2277.0576
 98002    | 98366    |         3643292 |      2277.0576
 98092    | 98367    |         3643292 |      2277.0576
 98042    | 98367    |         3643292 |      2277.0576
 98042    | 98366    |         3643292 |      2277.0576
 98071    | 98366    |         3643292 |      2277.0576
 98259    | 98560    |         3642566 |      2276.6038
 98271    | 98560    |         3642566 |      2276.6038
 98207    | 98560    |         3642566 |      2276.6038
 98270    | 98560    |         3642566 |      2276.6038
 98271    | 98325    |         3641676 |      2276.0476
 98207    | 98325    |         3641676 |      2276.0476
 98259    | 98325    |         3641676 |      2276.0476
 98270    | 98325    |         3641676 |      2276.0476
 98259    | 98278    |         3640920 |       2275.575
 98271    | 98277    |         3640920 |       2275.575
 98207    | 98278    |         3640920 |       2275.575
 98271    | 98278    |         3640920 |       2275.575
 98270    | 98278    |         3640920 |       2275.575
 98207    | 98277    |         3640920 |       2275.575
 98270    | 98277    |         3640920 |       2275.575
 98259    | 98277    |         3640920 |       2275.575
 98207    | 98339    |         3640219 |       2275.137
 98271    | 98339    |         3640219 |       2275.137
 98270    | 98339    |         3640219 |       2275.137
 98259    | 98339    |         3640219 |       2275.137
 98271    | 98376    |         3638920 |       2274.325
 98270    | 98376    |         3638920 |       2274.325
 98207    | 98376    |         3638920 |       2274.325
 98259    | 98376    |         3638920 |       2274.325
 98092    | 98359    |         3637871 |      2273.6694
 98042    | 98359    |         3637871 |      2273.6694
 98071    | 98359    |         3637871 |      2273.6694
 98002    | 98359    |         3637871 |      2273.6694
 98042    | 98322    |         3632574 |      2270.3586
 98092    | 98322    |         3632574 |      2270.3586
 98071    | 98322    |         3632574 |      2270.3586
 98002    | 98322    |         3632574 |      2270.3586
 98092    | 98335    |         3630054 |      2268.7834
 98002    | 98335    |         3630054 |      2268.7834
 98002    | 98332    |         3630054 |      2268.7834
 98002    | 98329    |         3630054 |      2268.7834
 98071    | 98329    |         3630054 |      2268.7834
 98071    | 98332    |         3630054 |      2268.7834
 98042    | 98332    |         3630054 |      2268.7834
 98071    | 98335    |         3630054 |      2268.7834
 98092    | 98332    |         3630054 |      2268.7834
 98092    | 98329    |         3630054 |      2268.7834
 98042    | 98335    |         3630054 |      2268.7834
 98042    | 98329    |         3630054 |      2268.7834
 98092    | 98395    |         3629862 |      2268.6638
 98002    | 98395    |         3629862 |      2268.6638
 98042    | 98395    |         3629862 |      2268.6638
 98071    | 98395    |         3629862 |      2268.6638
 98271    | 98340    |         3626765 |      2266.7278
 98259    | 98340    |         3626765 |      2266.7278
 98207    | 98340    |         3626765 |      2266.7278
 98270    | 98340    |         3626765 |      2266.7278
 98259    | 98592    |         3622832 |      2264.2703
 98207    | 98592    |         3622832 |      2264.2703
 98271    | 98592    |         3622832 |      2264.2703
 98270    | 98592    |         3622832 |      2264.2703
 98110    | 98259    |         3622199 |      2263.8745
 98110    | 98207    |         3622199 |      2263.8745
 98110    | 98271    |         3622199 |      2263.8745
 98110    | 98270    |         3622199 |      2263.8745
 98207    | 98365    |         3621268 |      2263.2925
 98271    | 98365    |         3621268 |      2263.2925
 98270    | 98365    |         3621268 |      2263.2925
 98259    | 98365    |         3621268 |      2263.2925
 98061    | 98270    |         3619794 |       2262.371
 98061    | 98207    |         3619794 |       2262.371
 98061    | 98259    |         3619794 |       2262.371
 98061    | 98271    |         3619794 |       2262.371
 98270    | 98346    |         3617998 |      2261.2485
 98271    | 98346    |         3617998 |      2261.2485
 98259    | 98346    |         3617998 |      2261.2485
 98207    | 98346    |         3617998 |      2261.2485
 98270    | 98342    |         3616223 |      2260.1396
 98259    | 98342    |         3616223 |      2260.1396
 98271    | 98342    |         3616223 |      2260.1396
 98207    | 98342    |         3616223 |      2260.1396
 98270    | 98364    |         3613643 |       2258.527
 98271    | 98364    |         3613643 |       2258.527
 98259    | 98364    |         3613643 |       2258.527
 98207    | 98364    |         3613643 |       2258.527
 98270    | 98392    |         3612713 |      2257.9456
 98259    | 98392    |         3612713 |      2257.9456
 98207    | 98392    |         3612713 |      2257.9456
 98271    | 98392    |         3612713 |      2257.9456
 98207    | 98584    |         3610381 |       2256.488
 98270    | 98584    |         3610381 |       2256.488
 98271    | 98584    |         3610381 |       2256.488
 98259    | 98584    |         3610381 |       2256.488
 98271    | 98588    |         3604318 |      2252.6987
 98207    | 98588    |         3604318 |      2252.6987
 98259    | 98588    |         3604318 |      2252.6987
 98270    | 98588    |         3604318 |      2252.6987
 98271    | 98380    |         3603739 |      2252.3367
 98259    | 98380    |         3603739 |      2252.3367
 98207    | 98380    |         3603739 |      2252.3367
 98270    | 98380    |         3603739 |      2252.3367
 98270    | 98370    |         3603727 |       2252.329
 98207    | 98370    |         3603727 |       2252.329
 98259    | 98370    |         3603727 |       2252.329
 98271    | 98370    |         3603727 |       2252.329
 98271    | 98345    |         3599381 |       2249.613
 98259    | 98345    |         3599381 |       2249.613
 98207    | 98345    |         3599381 |       2249.613
 98270    | 98345    |         3599381 |       2249.613
 98259    | 98528    |         3599295 |      2249.5593
 98270    | 98528    |         3599295 |      2249.5593
 98207    | 98528    |         3599295 |      2249.5593
 98271    | 98528    |         3599295 |      2249.5593
 98259    | 98383    |         3597306 |       2248.316
 98259    | 98315    |         3597306 |       2248.316
 98207    | 98315    |         3597306 |       2248.316
 98271    | 98315    |         3597306 |       2248.316
 98207    | 98383    |         3597306 |       2248.316
 98270    | 98383    |         3597306 |       2248.316
 98270    | 98315    |         3597306 |       2248.316
 98271    | 98383    |         3597306 |       2248.316
 98207    | 98311    |         3595876 |      2247.4224
 98270    | 98311    |         3595876 |      2247.4224
 98259    | 98311    |         3595876 |      2247.4224
 98271    | 98311    |         3595876 |      2247.4224
 98207    | 98353    |         3592467 |      2245.2917
 98271    | 98353    |         3592467 |      2245.2917
 98270    | 98353    |         3592467 |      2245.2917
 98259    | 98353    |         3592467 |      2245.2917
 98271    | 98546    |         3589861 |      2243.6628
 98207    | 98546    |         3589861 |      2243.6628
 98270    | 98546    |         3589861 |      2243.6628
 98259    | 98546    |         3589861 |      2243.6628
 98271    | 98393    |         3584763 |      2240.4768
 98270    | 98393    |         3584763 |      2240.4768
 98259    | 98393    |         3584763 |      2240.4768
 98207    | 98393    |         3584763 |      2240.4768
 98207    | 98310    |         3581860 |       2238.662
 98259    | 98310    |         3581860 |       2238.662
 98270    | 98310    |         3581860 |       2238.662
 98271    | 98310    |         3581860 |       2238.662
 98270    | 98351    |         3581493 |      2238.4329
 98259    | 98351    |         3581493 |      2238.4329
 98271    | 98351    |         3581493 |      2238.4329
 98207    | 98351    |         3581493 |      2238.4329
 98259    | 98524    |         3581147 |      2238.2166
 98207    | 98524    |         3581147 |      2238.2166
 98270    | 98524    |         3581147 |      2238.2166
 98271    | 98524    |         3581147 |      2238.2166
 98259    | 98337    |         3580453 |      2237.7832
 98259    | 98312    |         3580453 |      2237.7832
 98270    | 98312    |         3580453 |      2237.7832
 98270    | 98337    |         3580453 |      2237.7832
 98207    | 98312    |         3580453 |      2237.7832
 98271    | 98337    |         3580453 |      2237.7832
 98271    | 98312    |         3580453 |      2237.7832
 98207    | 98337    |         3580453 |      2237.7832
 98259    | 98314    |         3580399 |      2237.7493
 98271    | 98314    |         3580399 |      2237.7493
 98270    | 98314    |         3580399 |      2237.7493
 98207    | 98314    |         3580399 |      2237.7493
 98271    | 98386    |         3573706 |      2233.5664
 98270    | 98386    |         3573706 |      2233.5664
 98207    | 98386    |         3573706 |      2233.5664
 98259    | 98386    |         3573706 |      2233.5664
 98207    | 98384    |         3572842 |      2233.0264
 98271    | 98384    |         3572842 |      2233.0264
 98270    | 98384    |         3572842 |      2233.0264
 98259    | 98384    |         3572842 |      2233.0264
 98270    | 98349    |         3571508 |      2232.1921
 98271    | 98349    |         3571508 |      2232.1921
 98207    | 98349    |         3571508 |      2232.1921
 98259    | 98349    |         3571508 |      2232.1921
 98271    | 98394    |         3570056 |       2231.285
 98207    | 98394    |         3570056 |       2231.285
 98259    | 98394    |         3570056 |       2231.285
 98270    | 98394    |         3570056 |       2231.285
 98270    | 98287    |         3569442 |       2230.901
 98271    | 98287    |         3569442 |       2230.901
 98259    | 98287    |         3569442 |       2230.901
 98207    | 98287    |         3569442 |       2230.901
 98259    | 98367    |         3565268 |      2228.2927
 98259    | 98366    |         3565268 |      2228.2927
 98270    | 98367    |         3565268 |      2228.2927
 98271    | 98366    |         3565268 |      2228.2927
 98207    | 98367    |         3565268 |      2228.2927
 98207    | 98366    |         3565268 |      2228.2927
 98271    | 98367    |         3565268 |      2228.2927
 98270    | 98366    |         3565268 |      2228.2927
 98037    | 98331    |         3561202 |       2225.751
 98036    | 98331    |         3561202 |       2225.751
 98020    | 98331    |         3561202 |       2225.751
 98082    | 98331    |         3561202 |       2225.751
 98087    | 98331    |         3561202 |       2225.751
 98206    | 98331    |         3561202 |       2225.751
 98046    | 98331    |         3561202 |       2225.751
 98026    | 98331    |         3561202 |       2225.751
 98204    | 98331    |         3561202 |       2225.751
 98012    | 98331    |         3561202 |       2225.751
 98275    | 98331    |         3561202 |       2225.751
 98207    | 98359    |         3559848 |      2224.9048
 98271    | 98359    |         3559848 |      2224.9048
 98259    | 98359    |         3559848 |      2224.9048
 98270    | 98359    |         3559848 |      2224.9048
 98206    | 98357    |         3559226 |      2224.5164
 98046    | 98357    |         3559226 |      2224.5164
 98026    | 98357    |         3559226 |      2224.5164
 98020    | 98357    |         3559226 |      2224.5164
 98087    | 98357    |         3559226 |      2224.5164
 98037    | 98357    |         3559226 |      2224.5164
 98036    | 98357    |         3559226 |      2224.5164
 98204    | 98357    |         3559226 |      2224.5164
 98275    | 98357    |         3559226 |      2224.5164
 98082    | 98357    |         3559226 |      2224.5164
 98012    | 98357    |         3559226 |      2224.5164
 98270    | 98322    |         3554550 |      2221.5935
 98259    | 98322    |         3554550 |      2221.5935
 98207    | 98322    |         3554550 |      2221.5935
 98271    | 98322    |         3554550 |      2221.5935
 98271    | 98332    |         3552029 |      2220.0183
 98270    | 98335    |         3552029 |      2220.0183
 98270    | 98329    |         3552029 |      2220.0183
 98259    | 98329    |         3552029 |      2220.0183
 98207    | 98332    |         3552029 |      2220.0183
 98207    | 98335    |         3552029 |      2220.0183
 98207    | 98329    |         3552029 |      2220.0183
 98259    | 98332    |         3552029 |      2220.0183
 98259    | 98335    |         3552029 |      2220.0183
 98271    | 98335    |         3552029 |      2220.0183
 98271    | 98329    |         3552029 |      2220.0183
 98270    | 98332    |         3552029 |      2220.0183
 98259    | 98395    |         3551839 |      2219.8992
 98270    | 98395    |         3551839 |      2219.8992
 98207    | 98395    |         3551839 |      2219.8992
 98271    | 98395    |         3551839 |      2219.8992
 98092    | 98398    |         3551477 |      2219.6729
 98071    | 98398    |         3551477 |      2219.6729
 98002    | 98398    |         3551477 |      2219.6729
 98042    | 98398    |         3551477 |      2219.6729
 98012    | 98350    |         3547680 |      2217.2998
 98036    | 98350    |         3547680 |      2217.2998
 98087    | 98350    |         3547680 |      2217.2998
 98206    | 98350    |         3547680 |      2217.2998
 98275    | 98350    |         3547680 |      2217.2998
 98037    | 98350    |         3547680 |      2217.2998
 98082    | 98350    |         3547680 |      2217.2998
 98046    | 98350    |         3547680 |      2217.2998
 98020    | 98350    |         3547680 |      2217.2998
 98026    | 98350    |         3547680 |      2217.2998
 98204    | 98350    |         3547680 |      2217.2998
 98037    | 98326    |         3537800 |      2211.1252
 98020    | 98326    |         3537800 |      2211.1252
 98087    | 98326    |         3537800 |      2211.1252
 98275    | 98326    |         3537800 |      2211.1252
 98012    | 98326    |         3537800 |      2211.1252
 98036    | 98326    |         3537800 |      2211.1252
 98204    | 98326    |         3537800 |      2211.1252
 98082    | 98326    |         3537800 |      2211.1252
 98206    | 98326    |         3537800 |      2211.1252
 98026    | 98326    |         3537800 |      2211.1252
 98046    | 98326    |         3537800 |      2211.1252
 98036    | 98381    |         3537589 |      2210.9932
 98206    | 98381    |         3537589 |      2210.9932
 98020    | 98381    |         3537589 |      2210.9932
 98082    | 98381    |         3537589 |      2210.9932
 98204    | 98381    |         3537589 |      2210.9932
 98037    | 98381    |         3537589 |      2210.9932
 98026    | 98381    |         3537589 |      2210.9932
 98012    | 98381    |         3537589 |      2210.9932
 98046    | 98381    |         3537589 |      2210.9932
 98087    | 98381    |         3537589 |      2210.9932
 98275    | 98381    |         3537589 |      2210.9932
 98036    | 98363    |         3487256 |      2179.5352
 98037    | 98362    |         3487256 |      2179.5352
 98275    | 98363    |         3487256 |      2179.5352
 98275    | 98362    |         3487256 |      2179.5352
 98087    | 98363    |         3487256 |      2179.5352
 98037    | 98363    |         3487256 |      2179.5352
 98082    | 98362    |         3487256 |      2179.5352
 98020    | 98362    |         3487256 |      2179.5352
 98026    | 98363    |         3487256 |      2179.5352
 98046    | 98363    |         3487256 |      2179.5352
 98206    | 98363    |         3487256 |      2179.5352
 98012    | 98362    |         3487256 |      2179.5352
 98036    | 98362    |         3487256 |      2179.5352
 98020    | 98363    |         3487256 |      2179.5352
 98204    | 98362    |         3487256 |      2179.5352
 98204    | 98363    |         3487256 |      2179.5352
 98087    | 98362    |         3487256 |      2179.5352
 98046    | 98362    |         3487256 |      2179.5352
 98026    | 98362    |         3487256 |      2179.5352
 98206    | 98362    |         3487256 |      2179.5352
 98012    | 98363    |         3487256 |      2179.5352
 98082    | 98363    |         3487256 |      2179.5352
 98207    | 98398    |         3473453 |       2170.908
 98259    | 98398    |         3473453 |       2170.908
 98270    | 98398    |         3473453 |       2170.908
 98271    | 98398    |         3473453 |       2170.908
 98206    | 98343    |         3462735 |       2164.209
 98020    | 98343    |         3462735 |       2164.209
 98204    | 98343    |         3462735 |       2164.209
 98082    | 98343    |         3462735 |       2164.209
 98046    | 98343    |         3462735 |       2164.209
 98036    | 98343    |         3462735 |       2164.209
 98012    | 98343    |         3462735 |       2164.209
 98037    | 98343    |         3462735 |       2164.209
 98087    | 98343    |         3462735 |       2164.209
 98275    | 98343    |         3462735 |       2164.209
 98026    | 98343    |         3462735 |       2164.209
 98087    | 98548    |         3459834 |       2162.396
 98012    | 98548    |         3459834 |       2162.396
 98020    | 98548    |         3459834 |       2162.396
 98026    | 98548    |         3459834 |       2162.396
 98082    | 98548    |         3459834 |       2162.396
 98206    | 98548    |         3459834 |       2162.396
 98036    | 98548    |         3459834 |       2162.396
 98046    | 98548    |         3459834 |       2162.396
 98037    | 98548    |         3459834 |       2162.396
 98204    | 98548    |         3459834 |       2162.396
 98275    | 98548    |         3459834 |       2162.396
 98020    | 98236    |         3448702 |      2155.4387
 98236    | 98275    |         3448702 |      2155.4387
 98204    | 98236    |         3448702 |      2155.4387
 98087    | 98236    |         3448702 |      2155.4387
 98036    | 98236    |         3448702 |      2155.4387
 98037    | 98236    |         3448702 |      2155.4387
 98046    | 98236    |         3448702 |      2155.4387
 98026    | 98236    |         3448702 |      2155.4387
 98012    | 98236    |         3448702 |      2155.4387
 98206    | 98236    |         3448702 |      2155.4387
 98082    | 98236    |         3448702 |      2155.4387
 98464    | 99363    |         3443474 |      2152.1711
 98497    | 99363    |         3443474 |      2152.1711
 98493    | 99363    |         3443474 |      2152.1711
 98490    | 99363    |         3443474 |      2152.1711
 98466    | 99363    |         3443474 |      2152.1711
 98465    | 99363    |         3443474 |      2152.1711
 98424    | 99363    |         3443474 |      2152.1711
 98416    | 99363    |         3443474 |      2152.1711
 98421    | 99363    |         3443474 |      2152.1711
 98407    | 99363    |         3443474 |      2152.1711
 98406    | 99363    |         3443474 |      2152.1711
 98405    | 99363    |         3443474 |      2152.1711
 98404    | 99363    |         3443474 |      2152.1711
 98403    | 99363    |         3443474 |      2152.1711
 98402    | 99363    |         3443474 |      2152.1711
 98497    | 99361    |         3442802 |       2151.751
 98402    | 99361    |         3442802 |       2151.751
 98493    | 99361    |         3442802 |       2151.751
 98490    | 99361    |         3442802 |       2151.751
 98466    | 99361    |         3442802 |       2151.751
 98465    | 99361    |         3442802 |       2151.751
 98464    | 99361    |         3442802 |       2151.751
 98424    | 99361    |         3442802 |       2151.751
 98416    | 99361    |         3442802 |       2151.751
 98421    | 99361    |         3442802 |       2151.751
 98407    | 99361    |         3442802 |       2151.751
 98406    | 99361    |         3442802 |       2151.751
 98405    | 99361    |         3442802 |       2151.751
 98404    | 99361    |         3442802 |       2151.751
 98403    | 99361    |         3442802 |       2151.751
 98036    | 98260    |         3442128 |      2151.3296
 98012    | 98260    |         3442128 |      2151.3296
 98037    | 98260    |         3442128 |      2151.3296
 98046    | 98260    |         3442128 |      2151.3296
 98082    | 98260    |         3442128 |      2151.3296
 98260    | 98275    |         3442128 |      2151.3296
 98026    | 98260    |         3442128 |      2151.3296
 98020    | 98260    |         3442128 |      2151.3296
 98087    | 98260    |         3442128 |      2151.3296
 98204    | 98260    |         3442128 |      2151.3296
 98206    | 98260    |         3442128 |      2151.3296
 98465    | 99371    |         3439913 |      2149.9453
 98403    | 99371    |         3439913 |      2149.9453
 98497    | 99371    |         3439913 |      2149.9453
 98493    | 99371    |         3439913 |      2149.9453
 98490    | 99371    |         3439913 |      2149.9453
 98466    | 99371    |         3439913 |      2149.9453
 98404    | 99371    |         3439913 |      2149.9453
 98405    | 99371    |         3439913 |      2149.9453
 98406    | 99371    |         3439913 |      2149.9453
 98407    | 99371    |         3439913 |      2149.9453
 98402    | 99371    |         3439913 |      2149.9453
 98421    | 99371    |         3439913 |      2149.9453
 98416    | 99371    |         3439913 |      2149.9453
 98464    | 99371    |         3439913 |      2149.9453
 98424    | 99371    |         3439913 |      2149.9453
 98087    | 98249    |         3430453 |      2144.0327
 98249    | 98275    |         3430453 |      2144.0327
 98020    | 98249    |         3430453 |      2144.0327
 98026    | 98249    |         3430453 |      2144.0327
 98204    | 98249    |         3430453 |      2144.0327
 98012    | 98249    |         3430453 |      2144.0327
 98036    | 98249    |         3430453 |      2144.0327
 98037    | 98249    |         3430453 |      2144.0327
 98082    | 98249    |         3430453 |      2144.0327
 98206    | 98249    |         3430453 |      2144.0327
 98046    | 98249    |         3430453 |      2144.0327
 98020    | 98253    |         3422210 |      2138.8813
 98253    | 98275    |         3422210 |      2138.8813
 98026    | 98253    |         3422210 |      2138.8813
 98082    | 98253    |         3422210 |      2138.8813
 98206    | 98253    |         3422210 |      2138.8813
 98046    | 98253    |         3422210 |      2138.8813
 98204    | 98253    |         3422210 |      2138.8813
 98012    | 98253    |         3422210 |      2138.8813
 98087    | 98253    |         3422210 |      2138.8813
 98037    | 98253    |         3422210 |      2138.8813
 98036    | 98253    |         3422210 |      2138.8813
 98493    | 99362    |         3418502 |      2136.5635
 98466    | 99362    |         3418502 |      2136.5635
 98404    | 99362    |         3418502 |      2136.5635
 98403    | 99362    |         3418502 |      2136.5635
 98402    | 99362    |         3418502 |      2136.5635
 98405    | 99362    |         3418502 |      2136.5635
 98406    | 99362    |         3418502 |      2136.5635
 98407    | 99362    |         3418502 |      2136.5635
 98421    | 99362    |         3418502 |      2136.5635
 98416    | 99362    |         3418502 |      2136.5635
 98424    | 99362    |         3418502 |      2136.5635
 98464    | 99362    |         3418502 |      2136.5635
 98465    | 99362    |         3418502 |      2136.5635
 98497    | 99362    |         3418502 |      2136.5635
 98490    | 99362    |         3418502 |      2136.5635
 98082    | 98324    |         3418415 |      2136.5095
 98206    | 98324    |         3418415 |      2136.5095
 98026    | 98324    |         3418415 |      2136.5095
 98046    | 98324    |         3418415 |      2136.5095
 98036    | 98324    |         3418415 |      2136.5095
 98012    | 98324    |         3418415 |      2136.5095
 98275    | 98324    |         3418415 |      2136.5095
 98020    | 98324    |         3418415 |      2136.5095
 98087    | 98324    |         3418415 |      2136.5095
 98037    | 98324    |         3418415 |      2136.5095
 98204    | 98324    |         3418415 |      2136.5095
 98206    | 98382    |         3415922 |      2134.9512
 98087    | 98382    |         3415922 |      2134.9512
 98037    | 98382    |         3415922 |      2134.9512
 98036    | 98382    |         3415922 |      2134.9512
 98082    | 98382    |         3415922 |      2134.9512
 98026    | 98382    |         3415922 |      2134.9512
 98204    | 98382    |         3415922 |      2134.9512
 98012    | 98382    |         3415922 |      2134.9512
 98275    | 98382    |         3415922 |      2134.9512
 98020    | 98382    |         3415922 |      2134.9512
 98046    | 98382    |         3415922 |      2134.9512
 98020    | 98320    |         3410424 |      2131.5151
 98275    | 98320    |         3410424 |      2131.5151
 98204    | 98320    |         3410424 |      2131.5151
 98037    | 98320    |         3410424 |      2131.5151
 98036    | 98320    |         3410424 |      2131.5151
 98046    | 98320    |         3410424 |      2131.5151
 98206    | 98320    |         3410424 |      2131.5151
 98026    | 98320    |         3410424 |      2131.5151
 98082    | 98320    |         3410424 |      2131.5151
 98087    | 98320    |         3410424 |      2131.5151
 98012    | 98320    |         3410424 |      2131.5151
 98026    | 98239    |         3406350 |      2128.9685
 98082    | 98239    |         3406350 |      2128.9685
 98020    | 98239    |         3406350 |      2128.9685
 98046    | 98239    |         3406350 |      2128.9685
 98012    | 98239    |         3406350 |      2128.9685
 98036    | 98239    |         3406350 |      2128.9685
 98087    | 98239    |         3406350 |      2128.9685
 98204    | 98239    |         3406350 |      2128.9685
 98206    | 98239    |         3406350 |      2128.9685
 98037    | 98239    |         3406350 |      2128.9685
 98239    | 98275    |         3406350 |      2128.9685
 98403    | 99401    |         3403172 |      2126.9824
 98406    | 99401    |         3403172 |      2126.9824
 98407    | 99401    |         3403172 |      2126.9824
 98421    | 99401    |         3403172 |      2126.9824
 98416    | 99401    |         3403172 |      2126.9824
 98424    | 99401    |         3403172 |      2126.9824
 98464    | 99401    |         3403172 |      2126.9824
 98465    | 99401    |         3403172 |      2126.9824
 98466    | 99401    |         3403172 |      2126.9824
 98490    | 99401    |         3403172 |      2126.9824
 98493    | 99401    |         3403172 |      2126.9824
 98497    | 99401    |         3403172 |      2126.9824
 98404    | 99401    |         3403172 |      2126.9824
 98402    | 99401    |         3403172 |      2126.9824
 98405    | 99401    |         3403172 |      2126.9824
 98082    | 98555    |         3392757 |       2120.473
 98046    | 98555    |         3392757 |       2120.473
 98020    | 98555    |         3392757 |       2120.473
 98037    | 98555    |         3392757 |       2120.473
 98204    | 98555    |         3392757 |       2120.473
 98026    | 98555    |         3392757 |       2120.473
 98206    | 98555    |         3392757 |       2120.473
 98275    | 98555    |         3392757 |       2120.473
 98087    | 98555    |         3392757 |       2120.473
 98036    | 98555    |         3392757 |       2120.473
 98012    | 98555    |         3392757 |       2120.473
 98204    | 98368    |         3390725 |      2119.2031
 98012    | 98368    |         3390725 |      2119.2031
 98037    | 98368    |         3390725 |      2119.2031
 98036    | 98368    |         3390725 |      2119.2031
 98082    | 98368    |         3390725 |      2119.2031
 98275    | 98368    |         3390725 |      2119.2031
 98206    | 98368    |         3390725 |      2119.2031
 98046    | 98368    |         3390725 |      2119.2031
 98087    | 98368    |         3390725 |      2119.2031
 98020    | 98368    |         3390725 |      2119.2031
 98026    | 98368    |         3390725 |      2119.2031
 98020    | 98358    |         3388593 |      2117.8704
 98275    | 98358    |         3388593 |      2117.8704
 98204    | 98358    |         3388593 |      2117.8704
 98037    | 98358    |         3388593 |      2117.8704
 98036    | 98358    |         3388593 |      2117.8704
 98046    | 98358    |         3388593 |      2117.8704
 98026    | 98358    |         3388593 |      2117.8704
 98087    | 98358    |         3388593 |      2117.8704
 98082    | 98358    |         3388593 |      2117.8704
 98012    | 98358    |         3388593 |      2117.8704
 98206    | 98358    |         3388593 |      2117.8704
 98275    | 98560    |         3385422 |      2115.8887
 98037    | 98560    |         3385422 |      2115.8887
 98046    | 98560    |         3385422 |      2115.8887
 98026    | 98560    |         3385422 |      2115.8887
 98087    | 98560    |         3385422 |      2115.8887
 98206    | 98560    |         3385422 |      2115.8887
 98204    | 98560    |         3385422 |      2115.8887
 98012    | 98560    |         3385422 |      2115.8887
 98082    | 98560    |         3385422 |      2115.8887
 98036    | 98560    |         3385422 |      2115.8887
 98020    | 98560    |         3385422 |      2115.8887
 98082    | 98325    |         3384532 |      2115.3328
 98204    | 98325    |         3384532 |      2115.3328
 98087    | 98325    |         3384532 |      2115.3328
 98046    | 98325    |         3384532 |      2115.3328
 98036    | 98325    |         3384532 |      2115.3328
 98037    | 98325    |         3384532 |      2115.3328
 98012    | 98325    |         3384532 |      2115.3328
 98020    | 98325    |         3384532 |      2115.3328
 98026    | 98325    |         3384532 |      2115.3328
 98206    | 98325    |         3384532 |      2115.3328
 98275    | 98325    |         3384532 |      2115.3328
 98012    | 98278    |         3383776 |        2114.86
 98275    | 98278    |         3383776 |        2114.86
 98037    | 98277    |         3383776 |        2114.86
 98020    | 98278    |         3383776 |        2114.86
 98037    | 98278    |         3383776 |        2114.86
 98012    | 98277    |         3383776 |        2114.86
 98082    | 98278    |         3383776 |        2114.86
 98087    | 98277    |         3383776 |        2114.86
 98087    | 98278    |         3383776 |        2114.86
 98206    | 98278    |         3383776 |        2114.86
 98046    | 98278    |         3383776 |        2114.86
 98082    | 98277    |         3383776 |        2114.86
 98206    | 98277    |         3383776 |        2114.86
 98046    | 98277    |         3383776 |        2114.86
 98026    | 98278    |         3383776 |        2114.86
 98026    | 98277    |         3383776 |        2114.86
 98204    | 98278    |         3383776 |        2114.86
 98036    | 98278    |         3383776 |        2114.86
 98204    | 98277    |         3383776 |        2114.86
 98036    | 98277    |         3383776 |        2114.86
 98275    | 98277    |         3383776 |        2114.86
 98020    | 98277    |         3383776 |        2114.86
 98204    | 98339    |         3383076 |      2114.4224
 98012    | 98339    |         3383076 |      2114.4224
 98037    | 98339    |         3383076 |      2114.4224
 98087    | 98339    |         3383076 |      2114.4224
 98046    | 98339    |         3383076 |      2114.4224
 98020    | 98339    |         3383076 |      2114.4224
 98082    | 98339    |         3383076 |      2114.4224
 98275    | 98339    |         3383076 |      2114.4224
 98206    | 98339    |         3383076 |      2114.4224
 98026    | 98339    |         3383076 |      2114.4224
 98036    | 98339    |         3383076 |      2114.4224
 98020    | 98376    |         3381776 |        2113.61
 98206    | 98376    |         3381776 |        2113.61
 98037    | 98376    |         3381776 |        2113.61
 98087    | 98376    |         3381776 |        2113.61
 98275    | 98376    |         3381776 |        2113.61
 98012    | 98376    |         3381776 |        2113.61
 98204    | 98376    |         3381776 |        2113.61
 98046    | 98376    |         3381776 |        2113.61
 98026    | 98376    |         3381776 |        2113.61
 98082    | 98376    |         3381776 |        2113.61
 98036    | 98376    |         3381776 |        2113.61
 98405    | 99402    |         3377875 |       2111.172
 98402    | 99402    |         3377875 |       2111.172
 98403    | 99402    |         3377875 |       2111.172
 98404    | 99402    |         3377875 |       2111.172
 98497    | 99402    |         3377875 |       2111.172
 98406    | 99402    |         3377875 |       2111.172
 98407    | 99402    |         3377875 |       2111.172
 98421    | 99402    |         3377875 |       2111.172
 98416    | 99402    |         3377875 |       2111.172
 98424    | 99402    |         3377875 |       2111.172
 98464    | 99402    |         3377875 |       2111.172
 98465    | 99402    |         3377875 |       2111.172
 98466    | 99402    |         3377875 |       2111.172
 98490    | 99402    |         3377875 |       2111.172
 98493    | 99402    |         3377875 |       2111.172
 98020    | 98340    |         3369621 |      2106.0132
 98046    | 98340    |         3369621 |      2106.0132
 98082    | 98340    |         3369621 |      2106.0132
 98036    | 98340    |         3369621 |      2106.0132
 98206    | 98340    |         3369621 |      2106.0132
 98037    | 98340    |         3369621 |      2106.0132
 98204    | 98340    |         3369621 |      2106.0132
 98087    | 98340    |         3369621 |      2106.0132
 98012    | 98340    |         3369621 |      2106.0132
 98275    | 98340    |         3369621 |      2106.0132
 98026    | 98340    |         3369621 |      2106.0132
 98421    | 99403    |         3367631 |      2104.7695
 98402    | 99403    |         3367631 |      2104.7695
 98403    | 99403    |         3367631 |      2104.7695
 98404    | 99403    |         3367631 |      2104.7695
 98405    | 99403    |         3367631 |      2104.7695
 98406    | 99403    |         3367631 |      2104.7695
 98407    | 99403    |         3367631 |      2104.7695
 98416    | 99403    |         3367631 |      2104.7695
 98424    | 99403    |         3367631 |      2104.7695
 98464    | 99403    |         3367631 |      2104.7695
 98465    | 99403    |         3367631 |      2104.7695
 98466    | 99403    |         3367631 |      2104.7695
 98490    | 99403    |         3367631 |      2104.7695
 98493    | 99403    |         3367631 |      2104.7695
 98497    | 99403    |         3367631 |      2104.7695
 98206    | 98592    |         3365689 |      2103.5554
 98046    | 98592    |         3365689 |      2103.5554
 98020    | 98592    |         3365689 |      2103.5554
 98087    | 98592    |         3365689 |      2103.5554
 98204    | 98592    |         3365689 |      2103.5554
 98036    | 98592    |         3365689 |      2103.5554
 98037    | 98592    |         3365689 |      2103.5554
 98026    | 98592    |         3365689 |      2103.5554
 98275    | 98592    |         3365689 |      2103.5554
 98012    | 98592    |         3365689 |      2103.5554
 98082    | 98592    |         3365689 |      2103.5554
 98110    | 98206    |         3365056 |        2103.16
 98020    | 98110    |         3365056 |        2103.16
 98036    | 98110    |         3365056 |        2103.16
 98037    | 98110    |         3365056 |        2103.16
 98082    | 98110    |         3365056 |        2103.16
 98012    | 98110    |         3365056 |        2103.16
 98110    | 98204    |         3365056 |        2103.16
 98046    | 98110    |         3365056 |        2103.16
 98087    | 98110    |         3365056 |        2103.16
 98110    | 98275    |         3365056 |        2103.16
 98026    | 98110    |         3365056 |        2103.16
 98206    | 98365    |         3364125 |       2102.578
 98020    | 98365    |         3364125 |       2102.578
 98037    | 98365    |         3364125 |       2102.578
 98046    | 98365    |         3364125 |       2102.578
 98012    | 98365    |         3364125 |       2102.578
 98082    | 98365    |         3364125 |       2102.578
 98026    | 98365    |         3364125 |       2102.578
 98087    | 98365    |         3364125 |       2102.578
 98204    | 98365    |         3364125 |       2102.578
 98275    | 98365    |         3364125 |       2102.578
 98036    | 98365    |         3364125 |       2102.578
 98071    | 99363    |         3363533 |      2102.2078
 98092    | 99363    |         3363533 |      2102.2078
 98002    | 99363    |         3363533 |      2102.2078
 98042    | 99363    |         3363533 |      2102.2078
 98002    | 99361    |         3362860 |      2101.7876
 98071    | 99361    |         3362860 |      2101.7876
 98092    | 99361    |         3362860 |      2101.7876
 98042    | 99361    |         3362860 |      2101.7876
 98061    | 98082    |         3362651 |      2101.6565
 98061    | 98087    |         3362651 |      2101.6565
 98046    | 98061    |         3362651 |      2101.6565
 98012    | 98061    |         3362651 |      2101.6565
 98037    | 98061    |         3362651 |      2101.6565
 98036    | 98061    |         3362651 |      2101.6565
 98020    | 98061    |         3362651 |      2101.6565
 98026    | 98061    |         3362651 |      2101.6565
 98061    | 98206    |         3362651 |      2101.6565
 98061    | 98275    |         3362651 |      2101.6565
 98061    | 98204    |         3362651 |      2101.6565
 98046    | 98346    |         3360855 |      2100.5342
 98020    | 98346    |         3360855 |      2100.5342
 98206    | 98346    |         3360855 |      2100.5342
 98037    | 98346    |         3360855 |      2100.5342
 98036    | 98346    |         3360855 |      2100.5342
 98204    | 98346    |         3360855 |      2100.5342
 98012    | 98346    |         3360855 |      2100.5342
 98087    | 98346    |         3360855 |      2100.5342
 98082    | 98346    |         3360855 |      2100.5342
 98026    | 98346    |         3360855 |      2100.5342
 98275    | 98346    |         3360855 |      2100.5342
 98036    | 98342    |         3359079 |      2099.4246
 98012    | 98342    |         3359079 |      2099.4246
 98206    | 98342    |         3359079 |      2099.4246
 98082    | 98342    |         3359079 |      2099.4246
 98026    | 98342    |         3359079 |      2099.4246
 98087    | 98342    |         3359079 |      2099.4246
 98204    | 98342    |         3359079 |      2099.4246
 98020    | 98342    |         3359079 |      2099.4246
 98037    | 98342    |         3359079 |      2099.4246
 98275    | 98342    |         3359079 |      2099.4246
 98046    | 98342    |         3359079 |      2099.4246
 98087    | 98364    |         3356500 |      2097.8125
 98046    | 98364    |         3356500 |      2097.8125
 98012    | 98364    |         3356500 |      2097.8125
 98275    | 98364    |         3356500 |      2097.8125
 98036    | 98364    |         3356500 |      2097.8125
 98206    | 98364    |         3356500 |      2097.8125
 98037    | 98364    |         3356500 |      2097.8125
 98204    | 98364    |         3356500 |      2097.8125
 98026    | 98364    |         3356500 |      2097.8125
 98020    | 98364    |         3356500 |      2097.8125
 98082    | 98364    |         3356500 |      2097.8125
 98036    | 98392    |         3355570 |       2097.231
 98037    | 98392    |         3355570 |       2097.231
 98082    | 98392    |         3355570 |       2097.231
 98275    | 98392    |         3355570 |       2097.231
 98206    | 98392    |         3355570 |       2097.231
 98204    | 98392    |         3355570 |       2097.231
 98026    | 98392    |         3355570 |       2097.231
 98046    | 98392    |         3355570 |       2097.231
 98012    | 98392    |         3355570 |       2097.231
 98087    | 98392    |         3355570 |       2097.231
 98020    | 98392    |         3355570 |       2097.231
 98020    | 98584    |         3353238 |      2095.7734
 98275    | 98584    |         3353238 |      2095.7734
 98046    | 98584    |         3353238 |      2095.7734
 98037    | 98584    |         3353238 |      2095.7734
 98204    | 98584    |         3353238 |      2095.7734
 98206    | 98584    |         3353238 |      2095.7734
 98012    | 98584    |         3353238 |      2095.7734
 98082    | 98584    |         3353238 |      2095.7734
 98087    | 98584    |         3353238 |      2095.7734
 98036    | 98584    |         3353238 |      2095.7734
 98026    | 98584    |         3353238 |      2095.7734
 98087    | 98588    |         3347174 |       2091.984
 98082    | 98588    |         3347174 |       2091.984
 98206    | 98588    |         3347174 |       2091.984
 98046    | 98588    |         3347174 |       2091.984
 98204    | 98588    |         3347174 |       2091.984
 98012    | 98588    |         3347174 |       2091.984
 98026    | 98588    |         3347174 |       2091.984
 98275    | 98588    |         3347174 |       2091.984
 98037    | 98588    |         3347174 |       2091.984
 98020    | 98588    |         3347174 |       2091.984
 98036    | 98588    |         3347174 |       2091.984
 98020    | 98380    |         3346596 |       2091.622
 98037    | 98380    |         3346596 |       2091.622
 98012    | 98380    |         3346596 |       2091.622
 98036    | 98380    |         3346596 |       2091.622
 98082    | 98380    |         3346596 |       2091.622
 98087    | 98380    |         3346596 |       2091.622
 98206    | 98380    |         3346596 |       2091.622
 98204    | 98380    |         3346596 |       2091.622
 98275    | 98380    |         3346596 |       2091.622
 98046    | 98380    |         3346596 |       2091.622
 98026    | 98380    |         3346596 |       2091.622
 98275    | 98370    |         3346583 |      2091.6145
 98204    | 98370    |         3346583 |      2091.6145
 98206    | 98370    |         3346583 |      2091.6145
 98087    | 98370    |         3346583 |      2091.6145
 98012    | 98370    |         3346583 |      2091.6145
 98036    | 98370    |         3346583 |      2091.6145
 98037    | 98370    |         3346583 |      2091.6145
 98082    | 98370    |         3346583 |      2091.6145
 98020    | 98370    |         3346583 |      2091.6145
 98046    | 98370    |         3346583 |      2091.6145
 98026    | 98370    |         3346583 |      2091.6145
 98020    | 98345    |         3342238 |      2088.8987
 98046    | 98345    |         3342238 |      2088.8987
 98026    | 98345    |         3342238 |      2088.8987
 98206    | 98345    |         3342238 |      2088.8987
 98082    | 98345    |         3342238 |      2088.8987
 98204    | 98345    |         3342238 |      2088.8987
 98012    | 98345    |         3342238 |      2088.8987
 98036    | 98345    |         3342238 |      2088.8987
 98037    | 98345    |         3342238 |      2088.8987
 98087    | 98345    |         3342238 |      2088.8987
 98275    | 98345    |         3342238 |      2088.8987
 98204    | 98528    |         3342151 |      2088.8445
 98087    | 98528    |         3342151 |      2088.8445
 98206    | 98528    |         3342151 |      2088.8445
 98082    | 98528    |         3342151 |      2088.8445
 98026    | 98528    |         3342151 |      2088.8445
 98020    | 98528    |         3342151 |      2088.8445
 98036    | 98528    |         3342151 |      2088.8445
 98275    | 98528    |         3342151 |      2088.8445
 98046    | 98528    |         3342151 |      2088.8445
 98037    | 98528    |         3342151 |      2088.8445
 98012    | 98528    |         3342151 |      2088.8445
 98012    | 98383    |         3340162 |      2087.6013
 98036    | 98315    |         3340162 |      2087.6013
 98037    | 98383    |         3340162 |      2087.6013
 98036    | 98383    |         3340162 |      2087.6013
 98204    | 98315    |         3340162 |      2087.6013
 98087    | 98383    |         3340162 |      2087.6013
 98046    | 98315    |         3340162 |      2087.6013
 98204    | 98383    |         3340162 |      2087.6013
 98012    | 98315    |         3340162 |      2087.6013
 98206    | 98315    |         3340162 |      2087.6013
 98082    | 98315    |         3340162 |      2087.6013
 98046    | 98383    |         3340162 |      2087.6013
 98206    | 98383    |         3340162 |      2087.6013
 98082    | 98383    |         3340162 |      2087.6013
 98020    | 98315    |         3340162 |      2087.6013
 98020    | 98383    |         3340162 |      2087.6013
 98026    | 98383    |         3340162 |      2087.6013
 98275    | 98383    |         3340162 |      2087.6013
 98037    | 98315    |         3340162 |      2087.6013
 98275    | 98315    |         3340162 |      2087.6013
 98026    | 98315    |         3340162 |      2087.6013
 98087    | 98315    |         3340162 |      2087.6013
 98026    | 98311    |         3338732 |      2086.7078
 98204    | 98311    |         3338732 |      2086.7078
 98082    | 98311    |         3338732 |      2086.7078
 98020    | 98311    |         3338732 |      2086.7078
 98036    | 98311    |         3338732 |      2086.7078
 98087    | 98311    |         3338732 |      2086.7078
 98275    | 98311    |         3338732 |      2086.7078
 98037    | 98311    |         3338732 |      2086.7078
 98046    | 98311    |         3338732 |      2086.7078
 98012    | 98311    |         3338732 |      2086.7078
 98206    | 98311    |         3338732 |      2086.7078
 98002    | 99362    |         3338560 |         2086.6
 98042    | 99362    |         3338560 |         2086.6
 98071    | 99362    |         3338560 |         2086.6
 98092    | 99362    |         3338560 |         2086.6
 98275    | 98353    |         3335324 |      2084.5771
 98037    | 98353    |         3335324 |      2084.5771
 98036    | 98353    |         3335324 |      2084.5771
 98204    | 98353    |         3335324 |      2084.5771
 98020    | 98353    |         3335324 |      2084.5771
 98026    | 98353    |         3335324 |      2084.5771
 98087    | 98353    |         3335324 |      2084.5771
 98046    | 98353    |         3335324 |      2084.5771
 98012    | 98353    |         3335324 |      2084.5771
 98206    | 98353    |         3335324 |      2084.5771
 98082    | 98353    |         3335324 |      2084.5771
 98206    | 98546    |         3332717 |      2082.9482
 98012    | 98546    |         3332717 |      2082.9482
 98275    | 98546    |         3332717 |      2082.9482
 98204    | 98546    |         3332717 |      2082.9482
 98087    | 98546    |         3332717 |      2082.9482
 98082    | 98546    |         3332717 |      2082.9482
 98037    | 98546    |         3332717 |      2082.9482
 98036    | 98546    |         3332717 |      2082.9482
 98026    | 98546    |         3332717 |      2082.9482
 98020    | 98546    |         3332717 |      2082.9482
 98046    | 98546    |         3332717 |      2082.9482
 98087    | 98393    |         3327620 |      2079.7622
 98037    | 98393    |         3327620 |      2079.7622
 98020    | 98393    |         3327620 |      2079.7622
 98036    | 98393    |         3327620 |      2079.7622
 98204    | 98393    |         3327620 |      2079.7622
 98275    | 98393    |         3327620 |      2079.7622
 98012    | 98393    |         3327620 |      2079.7622
 98026    | 98393    |         3327620 |      2079.7622
 98046    | 98393    |         3327620 |      2079.7622
 98206    | 98393    |         3327620 |      2079.7622
 98082    | 98393    |         3327620 |      2079.7622
 98206    | 98310    |         3324716 |      2077.9475
 98087    | 98310    |         3324716 |      2077.9475
 98036    | 98310    |         3324716 |      2077.9475
 98275    | 98310    |         3324716 |      2077.9475
 98082    | 98310    |         3324716 |      2077.9475
 98037    | 98310    |         3324716 |      2077.9475
 98012    | 98310    |         3324716 |      2077.9475
 98020    | 98310    |         3324716 |      2077.9475
 98204    | 98310    |         3324716 |      2077.9475
 98046    | 98310    |         3324716 |      2077.9475
 98026    | 98310    |         3324716 |      2077.9475
 98087    | 98351    |         3324349 |       2077.718
 98020    | 98351    |         3324349 |       2077.718
 98012    | 98351    |         3324349 |       2077.718
 98206    | 98351    |         3324349 |       2077.718
 98082    | 98351    |         3324349 |       2077.718
 98036    | 98351    |         3324349 |       2077.718
 98037    | 98351    |         3324349 |       2077.718
 98275    | 98351    |         3324349 |       2077.718
 98026    | 98351    |         3324349 |       2077.718
 98204    | 98351    |         3324349 |       2077.718
 98046    | 98351    |         3324349 |       2077.718
 98087    | 98524    |         3324003 |       2077.502
 98012    | 98524    |         3324003 |       2077.502
 98206    | 98524    |         3324003 |       2077.502
 98275    | 98524    |         3324003 |       2077.502
 98037    | 98524    |         3324003 |       2077.502
 98026    | 98524    |         3324003 |       2077.502
 98020    | 98524    |         3324003 |       2077.502
 98082    | 98524    |         3324003 |       2077.502
 98036    | 98524    |         3324003 |       2077.502
 98204    | 98524    |         3324003 |       2077.502
 98046    | 98524    |         3324003 |       2077.502
 98204    | 98312    |         3323310 |      2077.0686
 98275    | 98312    |         3323310 |      2077.0686
 98037    | 98337    |         3323310 |      2077.0686
 98036    | 98312    |         3323310 |      2077.0686
 98204    | 98337    |         3323310 |      2077.0686
 98037    | 98312    |         3323310 |      2077.0686
 98020    | 98312    |         3323310 |      2077.0686
 98082    | 98337    |         3323310 |      2077.0686
 98206    | 98337    |         3323310 |      2077.0686
 98046    | 98337    |         3323310 |      2077.0686
 98087    | 98337    |         3323310 |      2077.0686
 98082    | 98312    |         3323310 |      2077.0686
 98012    | 98337    |         3323310 |      2077.0686
 98026    | 98312    |         3323310 |      2077.0686
 98206    | 98312    |         3323310 |      2077.0686
 98046    | 98312    |         3323310 |      2077.0686
 98026    | 98337    |         3323310 |      2077.0686
 98087    | 98312    |         3323310 |      2077.0686
 98020    | 98337    |         3323310 |      2077.0686
 98012    | 98312    |         3323310 |      2077.0686
 98275    | 98337    |         3323310 |      2077.0686
 98036    | 98337    |         3323310 |      2077.0686
 98037    | 98314    |         3323255 |      2077.0344
 98087    | 98314    |         3323255 |      2077.0344
 98026    | 98314    |         3323255 |      2077.0344
 98020    | 98314    |         3323255 |      2077.0344
 98204    | 98314    |         3323255 |      2077.0344
 98275    | 98314    |         3323255 |      2077.0344
 98082    | 98314    |         3323255 |      2077.0344
 98206    | 98314    |         3323255 |      2077.0344
 98012    | 98314    |         3323255 |      2077.0344
 98046    | 98314    |         3323255 |      2077.0344
 98036    | 98314    |         3323255 |      2077.0344
 98087    | 98386    |         3316563 |      2072.8518
 98275    | 98386    |         3316563 |      2072.8518
 98204    | 98386    |         3316563 |      2072.8518
 98036    | 98386    |         3316563 |      2072.8518
 98020    | 98386    |         3316563 |      2072.8518
 98012    | 98386    |         3316563 |      2072.8518
 98026    | 98386    |         3316563 |      2072.8518
 98046    | 98386    |         3316563 |      2072.8518
 98206    | 98386    |         3316563 |      2072.8518
 98082    | 98386    |         3316563 |      2072.8518
 98037    | 98386    |         3316563 |      2072.8518
 98204    | 98384    |         3315699 |      2072.3118
 98087    | 98384    |         3315699 |      2072.3118
 98012    | 98384    |         3315699 |      2072.3118
 98046    | 98384    |         3315699 |      2072.3118
 98275    | 98384    |         3315699 |      2072.3118
 98026    | 98384    |         3315699 |      2072.3118
 98206    | 98384    |         3315699 |      2072.3118
 98082    | 98384    |         3315699 |      2072.3118
 98037    | 98384    |         3315699 |      2072.3118
 98036    | 98384    |         3315699 |      2072.3118
 98020    | 98384    |         3315699 |      2072.3118
 98204    | 98349    |         3314364 |      2071.4773
 98046    | 98349    |         3314364 |      2071.4773
 98020    | 98349    |         3314364 |      2071.4773
 98026    | 98349    |         3314364 |      2071.4773
 98087    | 98349    |         3314364 |      2071.4773
 98037    | 98349    |         3314364 |      2071.4773
 98012    | 98349    |         3314364 |      2071.4773
 98082    | 98349    |         3314364 |      2071.4773
 98275    | 98349    |         3314364 |      2071.4773
 98036    | 98349    |         3314364 |      2071.4773
 98206    | 98349    |         3314364 |      2071.4773
 98026    | 98394    |         3312912 |        2070.57
 98037    | 98394    |         3312912 |        2070.57
 98087    | 98394    |         3312912 |        2070.57
 98275    | 98394    |         3312912 |        2070.57
 98204    | 98394    |         3312912 |        2070.57
 98036    | 98394    |         3312912 |        2070.57
 98020    | 98394    |         3312912 |        2070.57
 98046    | 98394    |         3312912 |        2070.57
 98012    | 98394    |         3312912 |        2070.57
 98082    | 98394    |         3312912 |        2070.57
 98206    | 98394    |         3312912 |        2070.57
 98046    | 98287    |         3312298 |       2070.186
 98026    | 98287    |         3312298 |       2070.186
 98012    | 98287    |         3312298 |       2070.186
 98082    | 98287    |         3312298 |       2070.186
 98036    | 98287    |         3312298 |       2070.186
 98037    | 98287    |         3312298 |       2070.186
 98020    | 98287    |         3312298 |       2070.186
 98275    | 98287    |         3312298 |       2070.186
 98087    | 98287    |         3312298 |       2070.186
 98204    | 98287    |         3312298 |       2070.186
 98206    | 98287    |         3312298 |       2070.186
 98275    | 98367    |         3308125 |       2067.578
 98087    | 98366    |         3308125 |       2067.578
 98020    | 98366    |         3308125 |       2067.578
 98026    | 98367    |         3308125 |       2067.578
 98020    | 98367    |         3308125 |       2067.578
 98087    | 98367    |         3308125 |       2067.578
 98204    | 98366    |         3308125 |       2067.578
 98046    | 98366    |         3308125 |       2067.578
 98012    | 98366    |         3308125 |       2067.578
 98206    | 98366    |         3308125 |       2067.578
 98204    | 98367    |         3308125 |       2067.578
 98082    | 98366    |         3308125 |       2067.578
 98046    | 98367    |         3308125 |       2067.578
 98012    | 98367    |         3308125 |       2067.578
 98036    | 98366    |         3308125 |       2067.578
 98037    | 98366    |         3308125 |       2067.578
 98275    | 98366    |         3308125 |       2067.578
 98082    | 98367    |         3308125 |       2067.578
 98206    | 98367    |         3308125 |       2067.578
 98036    | 98367    |         3308125 |       2067.578
 98037    | 98367    |         3308125 |       2067.578
 98026    | 98366    |         3308125 |       2067.578
 98026    | 98359    |         3302704 |      2064.1897
 98020    | 98359    |         3302704 |      2064.1897
 98087    | 98359    |         3302704 |      2064.1897
 98046    | 98359    |         3302704 |      2064.1897
 98082    | 98359    |         3302704 |      2064.1897
 98037    | 98359    |         3302704 |      2064.1897
 98206    | 98359    |         3302704 |      2064.1897
 98036    | 98359    |         3302704 |      2064.1897
 98275    | 98359    |         3302704 |      2064.1897
 98204    | 98359    |         3302704 |      2064.1897
 98012    | 98359    |         3302704 |      2064.1897
 98020    | 98322    |         3297407 |      2060.8792
 98275    | 98322    |         3297407 |      2060.8792
 98046    | 98322    |         3297407 |      2060.8792
 98206    | 98322    |         3297407 |      2060.8792
 98082    | 98322    |         3297407 |      2060.8792
 98204    | 98322    |         3297407 |      2060.8792
 98012    | 98322    |         3297407 |      2060.8792
 98037    | 98322    |         3297407 |      2060.8792
 98036    | 98322    |         3297407 |      2060.8792
 98026    | 98322    |         3297407 |      2060.8792
 98087    | 98322    |         3297407 |      2060.8792
 98206    | 98332    |         3294886 |      2059.3037
 98206    | 98335    |         3294886 |      2059.3037
 98082    | 98335    |         3294886 |      2059.3037
 98036    | 98335    |         3294886 |      2059.3037
 98037    | 98335    |         3294886 |      2059.3037
 98026    | 98329    |         3294886 |      2059.3037
 98204    | 98335    |         3294886 |      2059.3037
 98204    | 98332    |         3294886 |      2059.3037
 98046    | 98329    |         3294886 |      2059.3037
 98012    | 98329    |         3294886 |      2059.3037
 98020    | 98332    |         3294886 |      2059.3037
 98020    | 98329    |         3294886 |      2059.3037
 98275    | 98335    |         3294886 |      2059.3037
 98204    | 98329    |         3294886 |      2059.3037
 98206    | 98329    |         3294886 |      2059.3037
 98087    | 98329    |         3294886 |      2059.3037
 98082    | 98329    |         3294886 |      2059.3037
 98087    | 98335    |         3294886 |      2059.3037
 98046    | 98332    |         3294886 |      2059.3037
 98087    | 98332    |         3294886 |      2059.3037
 98275    | 98329    |         3294886 |      2059.3037
 98275    | 98332    |         3294886 |      2059.3037
 98012    | 98332    |         3294886 |      2059.3037
 98026    | 98332    |         3294886 |      2059.3037
 98026    | 98335    |         3294886 |      2059.3037
 98020    | 98335    |         3294886 |      2059.3037
 98036    | 98329    |         3294886 |      2059.3037
 98037    | 98329    |         3294886 |      2059.3037
 98082    | 98332    |         3294886 |      2059.3037
 98046    | 98335    |         3294886 |      2059.3037
 98036    | 98332    |         3294886 |      2059.3037
 98037    | 98332    |         3294886 |      2059.3037
 98012    | 98335    |         3294886 |      2059.3037
 98026    | 98395    |         3294695 |      2059.1843
 98012    | 98395    |         3294695 |      2059.1843
 98206    | 98395    |         3294695 |      2059.1843
 98046    | 98395    |         3294695 |      2059.1843
 98037    | 98395    |         3294695 |      2059.1843
 98020    | 98395    |         3294695 |      2059.1843
 98036    | 98395    |         3294695 |      2059.1843
 98275    | 98395    |         3294695 |      2059.1843
 98087    | 98395    |         3294695 |      2059.1843
 98082    | 98395    |         3294695 |      2059.1843
 98204    | 98395    |         3294695 |      2059.1843
 98071    | 99371    |         3267220 |      2042.0122
 98002    | 99371    |         3267220 |      2042.0122
 98042    | 99371    |         3267220 |      2042.0122
 98092    | 99371    |         3267220 |      2042.0122
 98071    | 99401    |         3230479 |      2019.0493
 98042    | 99401    |         3230479 |      2019.0493
 98002    | 99401    |         3230479 |      2019.0493
 98092    | 99401    |         3230479 |      2019.0493
 98026    | 98398    |         3216309 |      2010.1932
 98275    | 98398    |         3216309 |      2010.1932
 98037    | 98398    |         3216309 |      2010.1932
 98036    | 98398    |         3216309 |      2010.1932
 98020    | 98398    |         3216309 |      2010.1932
 98082    | 98398    |         3216309 |      2010.1932
 98204    | 98398    |         3216309 |      2010.1932
 98206    | 98398    |         3216309 |      2010.1932
 98087    | 98398    |         3216309 |      2010.1932
 98046    | 98398    |         3216309 |      2010.1932
 98012    | 98398    |         3216309 |      2010.1932
 98002    | 99402    |         3205182 |      2003.2389
 98042    | 99402    |         3205182 |      2003.2389
 98092    | 99402    |         3205182 |      2003.2389
 98071    | 99402    |         3205182 |      2003.2389
 98071    | 99403    |         3194938 |      1996.8363
 98092    | 99403    |         3194938 |      1996.8363
 98002    | 99403    |         3194938 |      1996.8363
 98042    | 99403    |         3194938 |      1996.8363
 98271    | 99363    |         3192869 |      1995.5433
 98207    | 99363    |         3192869 |      1995.5433
 98270    | 99363    |         3192869 |      1995.5433
 98259    | 99363    |         3192869 |      1995.5433
 98259    | 99361    |         3192197 |      1995.1232
 98270    | 99361    |         3192197 |      1995.1232
 98207    | 99361    |         3192197 |      1995.1232
 98271    | 99361    |         3192197 |      1995.1232
 98271    | 99371    |         3189308 |      1993.3175
 98207    | 99371    |         3189308 |      1993.3175
 98259    | 99371    |         3189308 |      1993.3175
 98270    | 99371    |         3189308 |      1993.3175
 98270    | 99362    |         3167897 |      1979.9357
 98207    | 99362    |         3167897 |      1979.9357
 98259    | 99362    |         3167897 |      1979.9357
 98271    | 99362    |         3167897 |      1979.9357
 98213    | 98357    |         3155648 |      1972.2798
 98205    | 98357    |         3155648 |      1972.2798
 98208    | 98357    |         3155648 |      1972.2798
 98203    | 98357    |         3155648 |      1972.2798
 98201    | 98357    |         3155648 |      1972.2798
 98207    | 99401    |         3152568 |      1970.3547
 98271    | 99401    |         3152568 |      1970.3547
 98259    | 99401    |         3152568 |      1970.3547
 98270    | 99401    |         3152568 |      1970.3547
 98203    | 98350    |         3138367 |      1961.4794
 98208    | 98350    |         3138367 |      1961.4794
 98205    | 98350    |         3138367 |      1961.4794
 98201    | 98350    |         3138367 |      1961.4794
 98213    | 98350    |         3138367 |      1961.4794
 98203    | 98326    |         3134222 |      1958.8888
 98208    | 98326    |         3134222 |      1958.8888
 98205    | 98326    |         3134222 |      1958.8888
 98213    | 98326    |         3134222 |      1958.8888
 98201    | 98326    |         3134222 |      1958.8888
 98213    | 98381    |         3134011 |      1958.7567
 98208    | 98381    |         3134011 |      1958.7567
 98203    | 98381    |         3134011 |      1958.7567
 98205    | 98381    |         3134011 |      1958.7567
 98201    | 98381    |         3134011 |      1958.7567
 98271    | 99402    |         3127271 |      1954.5441
 98207    | 99402    |         3127271 |      1954.5441
 98259    | 99402    |         3127271 |      1954.5441
 98270    | 99402    |         3127271 |      1954.5441
 98270    | 99403    |         3117026 |      1948.1414
 98207    | 99403    |         3117026 |      1948.1414
 98271    | 99403    |         3117026 |      1948.1414
 98259    | 99403    |         3117026 |      1948.1414
 98201    | 98331    |         3096656 |      1935.4097
 98208    | 98331    |         3096656 |      1935.4097
 98213    | 98331    |         3096656 |      1935.4097
 98205    | 98331    |         3096656 |      1935.4097
 98203    | 98331    |         3096656 |      1935.4097
 98203    | 98363    |         3083678 |      1927.2987
 98205    | 98363    |         3083678 |      1927.2987
 98213    | 98362    |         3083678 |      1927.2987
 98201    | 98363    |         3083678 |      1927.2987
 98203    | 98362    |         3083678 |      1927.2987
 98205    | 98362    |         3083678 |      1927.2987
 98201    | 98362    |         3083678 |      1927.2987
 98208    | 98363    |         3083678 |      1927.2987
 98213    | 98363    |         3083678 |      1927.2987
 98208    | 98362    |         3083678 |      1927.2987
 98201    | 98343    |         3059156 |      1911.9723
 98213    | 98343    |         3059156 |      1911.9723
 98208    | 98343    |         3059156 |      1911.9723
 98203    | 98343    |         3059156 |      1911.9723
 98205    | 98343    |         3059156 |      1911.9723
 98213    | 98236    |         3045124 |      1903.2021
 98201    | 98236    |         3045124 |      1903.2021
 98205    | 98236    |         3045124 |      1903.2021
 98203    | 98236    |         3045124 |      1903.2021
 98208    | 98236    |         3045124 |      1903.2021
 98203    | 98260    |         3038549 |      1899.0933
 98205    | 98260    |         3038549 |      1899.0933
 98201    | 98260    |         3038549 |      1899.0933
 98208    | 98260    |         3038549 |      1899.0933
 98213    | 98260    |         3038549 |      1899.0933
 98208    | 98249    |         3026874 |      1891.7963
 98205    | 98249    |         3026874 |      1891.7963
 98203    | 98249    |         3026874 |      1891.7963
 98213    | 98249    |         3026874 |      1891.7963
 98201    | 98249    |         3026874 |      1891.7963
 98203    | 98253    |         3018632 |      1886.6447
 98201    | 98253    |         3018632 |      1886.6447
 98208    | 98253    |         3018632 |      1886.6447
 98205    | 98253    |         3018632 |      1886.6447
 98213    | 98253    |         3018632 |      1886.6447
 98213    | 98324    |         3014837 |       1884.273
 98205    | 98324    |         3014837 |       1884.273
 98203    | 98324    |         3014837 |       1884.273
 98201    | 98324    |         3014837 |       1884.273
 98208    | 98324    |         3014837 |       1884.273
 98213    | 98382    |         3012343 |      1882.7145
 98208    | 98382    |         3012343 |      1882.7145
 98201    | 98382    |         3012343 |      1882.7145
 98203    | 98382    |         3012343 |      1882.7145
 98205    | 98382    |         3012343 |      1882.7145
 98205    | 98239    |         3002771 |       1876.732
 98201    | 98239    |         3002771 |       1876.732
 98213    | 98239    |         3002771 |       1876.732
 98208    | 98239    |         3002771 |       1876.732
 98203    | 98239    |         3002771 |       1876.732
 98213    | 98320    |         2995738 |       1872.336
 98201    | 98320    |         2995738 |       1872.336
 98205    | 98320    |         2995738 |       1872.336
 98203    | 98320    |         2995738 |       1872.336
 98208    | 98320    |         2995738 |       1872.336
 98208    | 98548    |         2995287 |      1872.0543
 98205    | 98548    |         2995287 |      1872.0543
 98203    | 98548    |         2995287 |      1872.0543
 98201    | 98548    |         2995287 |      1872.0543
 98213    | 98548    |         2995287 |      1872.0543
 98213    | 98368    |         2987147 |      1866.9667
 98205    | 98368    |         2987147 |      1866.9667
 98203    | 98368    |         2987147 |      1866.9667
 98201    | 98368    |         2987147 |      1866.9667
 98208    | 98368    |         2987147 |      1866.9667
 98205    | 98358    |         2985015 |       1865.634
 98213    | 98358    |         2985015 |       1865.634
 98203    | 98358    |         2985015 |       1865.634
 98208    | 98358    |         2985015 |       1865.634
 98201    | 98358    |         2985015 |       1865.634
 98203    | 98278    |         2980198 |      1862.6234
 98208    | 98277    |         2980198 |      1862.6234
 98208    | 98278    |         2980198 |      1862.6234
 98213    | 98278    |         2980198 |      1862.6234
 98213    | 98277    |         2980198 |      1862.6234
 98203    | 98277    |         2980198 |      1862.6234
 98205    | 98278    |         2980198 |      1862.6234
 98201    | 98278    |         2980198 |      1862.6234
 98205    | 98277    |         2980198 |      1862.6234
 98201    | 98277    |         2980198 |      1862.6234
 98203    | 98339    |         2979497 |      1862.1858
 98208    | 98339    |         2979497 |      1862.1858
 98213    | 98339    |         2979497 |      1862.1858
 98205    | 98339    |         2979497 |      1862.1858
 98201    | 98339    |         2979497 |      1862.1858
 98203    | 98376    |         2978198 |      1861.3735
 98201    | 98376    |         2978198 |      1861.3735
 98213    | 98376    |         2978198 |      1861.3735
 98208    | 98376    |         2978198 |      1861.3735
 98205    | 98376    |         2978198 |      1861.3735
 98203    | 98325    |         2975549 |      1859.7181
 98213    | 98325    |         2975549 |      1859.7181
 98205    | 98325    |         2975549 |      1859.7181
 98208    | 98325    |         2975549 |      1859.7181
 98201    | 98325    |         2975549 |      1859.7181
 98201    | 98340    |         2966043 |      1853.7766
 98203    | 98340    |         2966043 |      1853.7766
 98208    | 98340    |         2966043 |      1853.7766
 98205    | 98340    |         2966043 |      1853.7766
 98213    | 98340    |         2966043 |      1853.7766
 98201    | 98555    |         2964151 |      1852.5941
 98205    | 98555    |         2964151 |      1852.5941
 98213    | 98555    |         2964151 |      1852.5941
 98208    | 98555    |         2964151 |      1852.5941
 98203    | 98555    |         2964151 |      1852.5941
 98201    | 98560    |         2962221 |       1851.388
 98213    | 98560    |         2962221 |       1851.388
 98208    | 98560    |         2962221 |       1851.388
 98205    | 98560    |         2962221 |       1851.388
 98203    | 98560    |         2962221 |       1851.388
 98110    | 98213    |         2961477 |      1850.9233
 98110    | 98205    |         2961477 |      1850.9233
 98110    | 98201    |         2961477 |      1850.9233
 98110    | 98208    |         2961477 |      1850.9233
 98110    | 98203    |         2961477 |      1850.9233
 98201    | 98365    |         2960546 |      1850.3414
 98203    | 98365    |         2960546 |      1850.3414
 98205    | 98365    |         2960546 |      1850.3414
 98208    | 98365    |         2960546 |      1850.3414
 98213    | 98365    |         2960546 |      1850.3414
 98061    | 98203    |         2959072 |      1849.4198
 98061    | 98208    |         2959072 |      1849.4198
 98061    | 98205    |         2959072 |      1849.4198
 98061    | 98213    |         2959072 |      1849.4198
 98061    | 98201    |         2959072 |      1849.4198
 98213    | 98346    |         2957276 |      1848.2975
 98201    | 98346    |         2957276 |      1848.2975
 98205    | 98346    |         2957276 |      1848.2975
 98203    | 98346    |         2957276 |      1848.2975
 98208    | 98346    |         2957276 |      1848.2975
 98203    | 98342    |         2955501 |      1847.1881
 98201    | 98342    |         2955501 |      1847.1881
 98205    | 98342    |         2955501 |      1847.1881
 98208    | 98342    |         2955501 |      1847.1881
 98213    | 98342    |         2955501 |      1847.1881
 98201    | 98364    |         2952922 |      1845.5759
 98213    | 98364    |         2952922 |      1845.5759
 98205    | 98364    |         2952922 |      1845.5759
 98203    | 98364    |         2952922 |      1845.5759
 98208    | 98364    |         2952922 |      1845.5759
 98213    | 98392    |         2951991 |      1844.9944
 98208    | 98392    |         2951991 |      1844.9944
 98203    | 98392    |         2951991 |      1844.9944
 98205    | 98392    |         2951991 |      1844.9944
 98201    | 98392    |         2951991 |      1844.9944
 98203    | 98546    |         2944101 |      1840.0631
 98213    | 98546    |         2944101 |      1840.0631
 98201    | 98546    |         2944101 |      1840.0631
 98208    | 98546    |         2944101 |      1840.0631
 98205    | 98546    |         2944101 |      1840.0631
 98203    | 98588    |         2943596 |      1839.7476
 98208    | 98588    |         2943596 |      1839.7476
 98213    | 98588    |         2943596 |      1839.7476
 98201    | 98588    |         2943596 |      1839.7476
 98205    | 98588    |         2943596 |      1839.7476
 98213    | 98380    |         2943017 |      1839.3856
 98203    | 98380    |         2943017 |      1839.3856
 98205    | 98380    |         2943017 |      1839.3856
 98201    | 98380    |         2943017 |      1839.3856
 98208    | 98380    |         2943017 |      1839.3856
 98203    | 98370    |         2943005 |      1839.3779
 98208    | 98370    |         2943005 |      1839.3779
 98205    | 98370    |         2943005 |      1839.3779
 98213    | 98370    |         2943005 |      1839.3779
 98201    | 98370    |         2943005 |      1839.3779
 98213    | 98592    |         2942487 |      1839.0543
 98208    | 98592    |         2942487 |      1839.0543
 98205    | 98592    |         2942487 |      1839.0543
 98203    | 98592    |         2942487 |      1839.0543
 98201    | 98592    |         2942487 |      1839.0543
 98205    | 98345    |         2938660 |      1836.6622
 98203    | 98345    |         2938660 |      1836.6622
 98201    | 98345    |         2938660 |      1836.6622
 98213    | 98345    |         2938660 |      1836.6622
 98208    | 98345    |         2938660 |      1836.6622
 98203    | 98528    |         2938573 |      1836.6079
 98213    | 98528    |         2938573 |      1836.6079
 98205    | 98528    |         2938573 |      1836.6079
 98208    | 98528    |         2938573 |      1836.6079
 98201    | 98528    |         2938573 |      1836.6079
 98213    | 98383    |         2936584 |      1835.3649
 98201    | 98315    |         2936584 |      1835.3649
 98203    | 98315    |         2936584 |      1835.3649
 98208    | 98383    |         2936584 |      1835.3649
 98213    | 98315    |         2936584 |      1835.3649
 98201    | 98383    |         2936584 |      1835.3649
 98205    | 98383    |         2936584 |      1835.3649
 98203    | 98383    |         2936584 |      1835.3649
 98205    | 98315    |         2936584 |      1835.3649
 98208    | 98315    |         2936584 |      1835.3649
 98275    | 99363    |         2936193 |      1835.1207
 98012    | 99363    |         2936193 |      1835.1207
 98087    | 99363    |         2936193 |      1835.1207
 98082    | 99363    |         2936193 |      1835.1207
 98020    | 99363    |         2936193 |      1835.1207
 98036    | 99363    |         2936193 |      1835.1207
 98026    | 99363    |         2936193 |      1835.1207
 98037    | 99363    |         2936193 |      1835.1207
 98046    | 99363    |         2936193 |      1835.1207
 98204    | 99363    |         2936193 |      1835.1207
 98206    | 99363    |         2936193 |      1835.1207
 98012    | 99361    |         2935521 |      1834.7008
 98046    | 99361    |         2935521 |      1834.7008
 98087    | 99361    |         2935521 |      1834.7008
 98020    | 99361    |         2935521 |      1834.7008
 98026    | 99361    |         2935521 |      1834.7008
 98082    | 99361    |         2935521 |      1834.7008
 98275    | 99361    |         2935521 |      1834.7008
 98036    | 99361    |         2935521 |      1834.7008
 98037    | 99361    |         2935521 |      1834.7008
 98206    | 99361    |         2935521 |      1834.7008
 98204    | 99361    |         2935521 |      1834.7008
 98205    | 98311    |         2935154 |      1834.4711
 98208    | 98311    |         2935154 |      1834.4711
 98203    | 98311    |         2935154 |      1834.4711
 98213    | 98311    |         2935154 |      1834.4711
 98201    | 98311    |         2935154 |      1834.4711
 98046    | 99371    |         2932632 |       1832.895
 98206    | 99371    |         2932632 |       1832.895
 98204    | 99371    |         2932632 |       1832.895
 98012    | 99371    |         2932632 |       1832.895
 98087    | 99371    |         2932632 |       1832.895
 98020    | 99371    |         2932632 |       1832.895
 98026    | 99371    |         2932632 |       1832.895
 98082    | 99371    |         2932632 |       1832.895
 98275    | 99371    |         2932632 |       1832.895
 98036    | 99371    |         2932632 |       1832.895
 98037    | 99371    |         2932632 |       1832.895
 98205    | 98353    |         2931745 |      1832.3405
 98203    | 98353    |         2931745 |      1832.3405
 98208    | 98353    |         2931745 |      1832.3405
 98213    | 98353    |         2931745 |      1832.3405
 98201    | 98353    |         2931745 |      1832.3405
 98213    | 98584    |         2930037 |      1831.2728
 98205    | 98584    |         2930037 |      1831.2728
 98208    | 98584    |         2930037 |      1831.2728
 98201    | 98584    |         2930037 |      1831.2728
 98203    | 98584    |         2930037 |      1831.2728
 98201    | 98393    |         2924041 |      1827.5256
 98203    | 98393    |         2924041 |      1827.5256
 98205    | 98393    |         2924041 |      1827.5256
 98213    | 98393    |         2924041 |      1827.5256
 98208    | 98393    |         2924041 |      1827.5256
 98208    | 98310    |         2921138 |      1825.7109
 98201    | 98310    |         2921138 |      1825.7109
 98213    | 98310    |         2921138 |      1825.7109
 98203    | 98310    |         2921138 |      1825.7109
 98205    | 98310    |         2921138 |      1825.7109
 98213    | 98351    |         2920771 |      1825.4817
 98203    | 98351    |         2920771 |      1825.4817
 98208    | 98351    |         2920771 |      1825.4817
 98205    | 98351    |         2920771 |      1825.4817
 98201    | 98351    |         2920771 |      1825.4817
 98203    | 98524    |         2920424 |      1825.2651
 98205    | 98524    |         2920424 |      1825.2651
 98213    | 98524    |         2920424 |      1825.2651
 98201    | 98524    |         2920424 |      1825.2651
 98208    | 98524    |         2920424 |      1825.2651
 98203    | 98312    |         2919732 |      1824.8322
 98208    | 98337    |         2919732 |      1824.8322
 98213    | 98312    |         2919732 |      1824.8322
 98213    | 98337    |         2919732 |      1824.8322
 98201    | 98337    |         2919732 |      1824.8322
 98203    | 98337    |         2919732 |      1824.8322
 98205    | 98337    |         2919732 |      1824.8322
 98205    | 98312    |         2919732 |      1824.8322
 98208    | 98312    |         2919732 |      1824.8322
 98201    | 98312    |         2919732 |      1824.8322
 98213    | 98314    |         2919677 |       1824.798
 98201    | 98314    |         2919677 |       1824.798
 98208    | 98314    |         2919677 |       1824.798
 98203    | 98314    |         2919677 |       1824.798
 98205    | 98314    |         2919677 |       1824.798
 98208    | 98386    |         2912985 |      1820.6154
 98213    | 98386    |         2912985 |      1820.6154
 98203    | 98386    |         2912985 |      1820.6154
 98205    | 98386    |         2912985 |      1820.6154
 98201    | 98386    |         2912985 |      1820.6154
 98201    | 98384    |         2912120 |      1820.0752
 98213    | 98384    |         2912120 |      1820.0752
 98208    | 98384    |         2912120 |      1820.0752
 98203    | 98384    |         2912120 |      1820.0752
 98205    | 98384    |         2912120 |      1820.0752
 98020    | 99362    |         2911221 |      1819.5133
 98275    | 99362    |         2911221 |      1819.5133
 98206    | 99362    |         2911221 |      1819.5133
 98204    | 99362    |         2911221 |      1819.5133
 98012    | 99362    |         2911221 |      1819.5133
 98087    | 99362    |         2911221 |      1819.5133
 98026    | 99362    |         2911221 |      1819.5133
 98046    | 99362    |         2911221 |      1819.5133
 98037    | 99362    |         2911221 |      1819.5133
 98036    | 99362    |         2911221 |      1819.5133
 98082    | 99362    |         2911221 |      1819.5133
 98208    | 98349    |         2910786 |       1819.241
 98201    | 98349    |         2910786 |       1819.241
 98203    | 98349    |         2910786 |       1819.241
 98213    | 98349    |         2910786 |       1819.241
 98205    | 98349    |         2910786 |       1819.241
 98213    | 98394    |         2909334 |      1818.3337
 98203    | 98394    |         2909334 |      1818.3337
 98201    | 98394    |         2909334 |      1818.3337
 98205    | 98394    |         2909334 |      1818.3337
 98208    | 98394    |         2909334 |      1818.3337
 98201    | 98287    |         2908719 |      1817.9496
 98203    | 98287    |         2908719 |      1817.9496
 98213    | 98287    |         2908719 |      1817.9496
 98205    | 98287    |         2908719 |      1817.9496
 98208    | 98287    |         2908719 |      1817.9496
 98208    | 98366    |         2904547 |      1815.3416
 98201    | 98366    |         2904547 |      1815.3416
 98203    | 98366    |         2904547 |      1815.3416
 98201    | 98367    |         2904547 |      1815.3416
 98203    | 98367    |         2904547 |      1815.3416
 98208    | 98367    |         2904547 |      1815.3416
 98205    | 98366    |         2904547 |      1815.3416
 98205    | 98367    |         2904547 |      1815.3416
 98213    | 98367    |         2904547 |      1815.3416
 98213    | 98366    |         2904547 |      1815.3416
 98208    | 98359    |         2899126 |      1811.9535
 98203    | 98359    |         2899126 |      1811.9535
 98205    | 98359    |         2899126 |      1811.9535
 98201    | 98359    |         2899126 |      1811.9535
 98213    | 98359    |         2899126 |      1811.9535
 98082    | 99401    |         2895892 |      1809.9321
 98026    | 99401    |         2895892 |      1809.9321
 98036    | 99401    |         2895892 |      1809.9321
 98204    | 99401    |         2895892 |      1809.9321
 98037    | 99401    |         2895892 |      1809.9321
 98046    | 99401    |         2895892 |      1809.9321
 98206    | 99401    |         2895892 |      1809.9321
 98020    | 99401    |         2895892 |      1809.9321
 98087    | 99401    |         2895892 |      1809.9321
 98012    | 99401    |         2895892 |      1809.9321
 98275    | 99401    |         2895892 |      1809.9321
 98203    | 98322    |         2893828 |      1808.6425
 98205    | 98322    |         2893828 |      1808.6425
 98201    | 98322    |         2893828 |      1808.6425
 98208    | 98322    |         2893828 |      1808.6425
 98213    | 98322    |         2893828 |      1808.6425
 98208    | 98329    |         2891308 |      1807.0671
 98201    | 98335    |         2891308 |      1807.0671
 98201    | 98332    |         2891308 |      1807.0671
 98201    | 98329    |         2891308 |      1807.0671
 98203    | 98332    |         2891308 |      1807.0671
 98205    | 98329    |         2891308 |      1807.0671
 98205    | 98332    |         2891308 |      1807.0671
 98205    | 98335    |         2891308 |      1807.0671
 98208    | 98335    |         2891308 |      1807.0671
 98203    | 98329    |         2891308 |      1807.0671
 98213    | 98335    |         2891308 |      1807.0671
 98213    | 98332    |         2891308 |      1807.0671
 98208    | 98332    |         2891308 |      1807.0671
 98203    | 98335    |         2891308 |      1807.0671
 98213    | 98329    |         2891308 |      1807.0671
 98213    | 98395    |         2891116 |      1806.9476
 98201    | 98395    |         2891116 |      1806.9476
 98208    | 98395    |         2891116 |      1806.9476
 98205    | 98395    |         2891116 |      1806.9476
 98203    | 98395    |         2891116 |      1806.9476
 98082    | 99402    |         2870595 |      1794.1217
 98087    | 99402    |         2870595 |      1794.1217
 98012    | 99402    |         2870595 |      1794.1217
 98204    | 99402    |         2870595 |      1794.1217
 98206    | 99402    |         2870595 |      1794.1217
 98275    | 99402    |         2870595 |      1794.1217
 98036    | 99402    |         2870595 |      1794.1217
 98037    | 99402    |         2870595 |      1794.1217
 98046    | 99402    |         2870595 |      1794.1217
 98026    | 99402    |         2870595 |      1794.1217
 98020    | 99402    |         2870595 |      1794.1217
 98037    | 99403    |         2860351 |      1787.7191
 98206    | 99403    |         2860351 |      1787.7191
 98204    | 99403    |         2860351 |      1787.7191
 98082    | 99403    |         2860351 |      1787.7191
 98020    | 99403    |         2860351 |      1787.7191
 98026    | 99403    |         2860351 |      1787.7191
 98036    | 99403    |         2860351 |      1787.7191
 98087    | 99403    |         2860351 |      1787.7191
 98012    | 99403    |         2860351 |      1787.7191
 98275    | 99403    |         2860351 |      1787.7191
 98046    | 99403    |         2860351 |      1787.7191
 98213    | 98398    |         2751763 |       1719.852
 98205    | 98398    |         2751763 |       1719.852
 98203    | 98398    |         2751763 |       1719.852
 98208    | 98398    |         2751763 |       1719.852
 98201    | 98398    |         2751763 |       1719.852
 98203    | 99371    |         2614518 |      1634.0739
 98208    | 99371    |         2614518 |      1634.0739
 98213    | 99371    |         2614518 |      1634.0739
 98201    | 99371    |         2614518 |      1634.0739
 98205    | 99371    |         2614518 |      1634.0739
 98205    | 99402    |         2552481 |      1595.3004
 98203    | 99402    |         2552481 |      1595.3004
 98208    | 99402    |         2552481 |      1595.3004
 98213    | 99402    |         2552481 |      1595.3004
 98201    | 99402    |         2552481 |      1595.3004
 98208    | 99403    |         2542237 |      1588.8978
 98203    | 99403    |         2542237 |      1588.8978
 98205    | 99403    |         2542237 |      1588.8978
 98201    | 99403    |         2542237 |      1588.8978
 98213    | 99403    |         2542237 |      1588.8978
 98205    | 99401    |         2490003 |      1556.2516
 98201    | 99401    |         2490003 |      1556.2516
 98203    | 99401    |         2490003 |      1556.2516
 98208    | 99401    |         2490003 |      1556.2516
 98213    | 99401    |         2490003 |      1556.2516
 98201    | 99363    |         2472658 |      1545.4114
 98205    | 99363    |         2472658 |      1545.4114
 98203    | 99363    |         2472658 |      1545.4114
 98208    | 99363    |         2472658 |      1545.4114
 98213    | 99363    |         2472658 |      1545.4114
 98213    | 99361    |         2471986 |      1544.9912
 98208    | 99361    |         2471986 |      1544.9912
 98203    | 99361    |         2471986 |      1544.9912
 98205    | 99361    |         2471986 |      1544.9912
 98201    | 99361    |         2471986 |      1544.9912
 98203    | 99362    |         2447686 |       1529.804
 98208    | 99362    |         2447686 |       1529.804
 98213    | 99362    |         2447686 |       1529.804
 98201    | 99362    |         2447686 |       1529.804
 98205    | 99362    |         2447686 |       1529.804
 98015    | 98357    |         2346812 |      1466.7573
 98005    | 98357    |         2346812 |      1466.7573
 98004    | 98357    |         2346812 |      1466.7573
 98007    | 98357    |         2346812 |      1466.7573
 98006    | 98357    |         2346812 |      1466.7573
 98008    | 98357    |         2346812 |      1466.7573
 98009    | 98357    |         2346812 |      1466.7573
 98015    | 98350    |         2329531 |      1455.9569
 98009    | 98350    |         2329531 |      1455.9569
 98004    | 98350    |         2329531 |      1455.9569
 98005    | 98350    |         2329531 |      1455.9569
 98008    | 98350    |         2329531 |      1455.9569
 98006    | 98350    |         2329531 |      1455.9569
 98007    | 98350    |         2329531 |      1455.9569
 98005    | 98326    |         2325386 |      1453.3661
 98007    | 98326    |         2325386 |      1453.3661
 98004    | 98326    |         2325386 |      1453.3661
 98008    | 98326    |         2325386 |      1453.3661
 98006    | 98326    |         2325386 |      1453.3661
 98015    | 98326    |         2325386 |      1453.3661
 98009    | 98326    |         2325386 |      1453.3661
 98008    | 98381    |         2325175 |      1453.2343
 98015    | 98381    |         2325175 |      1453.2343
 98004    | 98381    |         2325175 |      1453.2343
 98007    | 98381    |         2325175 |      1453.2343
 98006    | 98381    |         2325175 |      1453.2343
 98009    | 98381    |         2325175 |      1453.2343
 98005    | 98381    |         2325175 |      1453.2343
 98007    | 98331    |         2287820 |      1429.8872
 98015    | 98331    |         2287820 |      1429.8872
 98006    | 98331    |         2287820 |      1429.8872
 98005    | 98331    |         2287820 |      1429.8872
 98008    | 98331    |         2287820 |      1429.8872
 98009    | 98331    |         2287820 |      1429.8872
 98004    | 98331    |         2287820 |      1429.8872
 98015    | 98363    |         2274842 |      1421.7762
 98009    | 98363    |         2274842 |      1421.7762
 98015    | 98362    |         2274842 |      1421.7762
 98009    | 98362    |         2274842 |      1421.7762
 98007    | 98363    |         2274842 |      1421.7762
 98008    | 98363    |         2274842 |      1421.7762
 98005    | 98363    |         2274842 |      1421.7762
 98004    | 98363    |         2274842 |      1421.7762
 98004    | 98362    |         2274842 |      1421.7762
 98006    | 98363    |         2274842 |      1421.7762
 98005    | 98362    |         2274842 |      1421.7762
 98008    | 98362    |         2274842 |      1421.7762
 98007    | 98362    |         2274842 |      1421.7762
 98006    | 98362    |         2274842 |      1421.7762
 98006    | 98343    |         2250320 |      1406.4497
 98004    | 98343    |         2250320 |      1406.4497
 98015    | 98343    |         2250320 |      1406.4497
 98009    | 98343    |         2250320 |      1406.4497
 98008    | 98343    |         2250320 |      1406.4497
 98005    | 98343    |         2250320 |      1406.4497
 98007    | 98343    |         2250320 |      1406.4497
 98005    | 98236    |         2236288 |      1397.6797
 98006    | 98236    |         2236288 |      1397.6797
 98007    | 98236    |         2236288 |      1397.6797
 98008    | 98236    |         2236288 |      1397.6797
 98004    | 98236    |         2236288 |      1397.6797
 98015    | 98236    |         2236288 |      1397.6797
 98009    | 98236    |         2236288 |      1397.6797
 98004    | 98260    |         2229714 |      1393.5709
 98008    | 98260    |         2229714 |      1393.5709
 98006    | 98260    |         2229714 |      1393.5709
 98009    | 98260    |         2229714 |      1393.5709
 98015    | 98260    |         2229714 |      1393.5709
 98007    | 98260    |         2229714 |      1393.5709
 98005    | 98260    |         2229714 |      1393.5709
 98015    | 98249    |         2218038 |      1386.2736
 98006    | 98249    |         2218038 |      1386.2736
 98009    | 98249    |         2218038 |      1386.2736
 98005    | 98249    |         2218038 |      1386.2736
 98007    | 98249    |         2218038 |      1386.2736
 98008    | 98249    |         2218038 |      1386.2736
 98004    | 98249    |         2218038 |      1386.2736
 98004    | 98253    |         2209796 |      1381.1222
 98009    | 98253    |         2209796 |      1381.1222
 98008    | 98253    |         2209796 |      1381.1222
 98007    | 98253    |         2209796 |      1381.1222
 98006    | 98253    |         2209796 |      1381.1222
 98005    | 98253    |         2209796 |      1381.1222
 98015    | 98253    |         2209796 |      1381.1222
 98015    | 98324    |         2206001 |      1378.7505
 98009    | 98324    |         2206001 |      1378.7505
 98004    | 98324    |         2206001 |      1378.7505
 98006    | 98324    |         2206001 |      1378.7505
 98007    | 98324    |         2206001 |      1378.7505
 98008    | 98324    |         2206001 |      1378.7505
 98005    | 98324    |         2206001 |      1378.7505
 98009    | 98382    |         2203507 |       1377.192
 98005    | 98382    |         2203507 |       1377.192
 98006    | 98382    |         2203507 |       1377.192
 98007    | 98382    |         2203507 |       1377.192
 98008    | 98382    |         2203507 |       1377.192
 98004    | 98382    |         2203507 |       1377.192
 98015    | 98382    |         2203507 |       1377.192
 98008    | 98239    |         2193935 |      1371.2095
 98007    | 98239    |         2193935 |      1371.2095
 98009    | 98239    |         2193935 |      1371.2095
 98005    | 98239    |         2193935 |      1371.2095
 98004    | 98239    |         2193935 |      1371.2095
 98006    | 98239    |         2193935 |      1371.2095
 98015    | 98239    |         2193935 |      1371.2095
 98006    | 98320    |         2186902 |      1366.8136
 98004    | 98320    |         2186902 |      1366.8136
 98008    | 98320    |         2186902 |      1366.8136
 98009    | 98320    |         2186902 |      1366.8136
 98007    | 98320    |         2186902 |      1366.8136
 98015    | 98320    |         2186902 |      1366.8136
 98005    | 98320    |         2186902 |      1366.8136
 98004    | 98548    |         2186451 |      1366.5319
 98005    | 98548    |         2186451 |      1366.5319
 98007    | 98548    |         2186451 |      1366.5319
 98008    | 98548    |         2186451 |      1366.5319
 98006    | 98548    |         2186451 |      1366.5319
 98009    | 98548    |         2186451 |      1366.5319
 98015    | 98548    |         2186451 |      1366.5319
 98007    | 98368    |         2178311 |      1361.4442
 98008    | 98368    |         2178311 |      1361.4442
 98015    | 98368    |         2178311 |      1361.4442
 98009    | 98368    |         2178311 |      1361.4442
 98004    | 98368    |         2178311 |      1361.4442
 98005    | 98368    |         2178311 |      1361.4442
 98006    | 98368    |         2178311 |      1361.4442
 98004    | 98358    |         2176178 |      1360.1115
 98007    | 98358    |         2176178 |      1360.1115
 98008    | 98358    |         2176178 |      1360.1115
 98006    | 98358    |         2176178 |      1360.1115
 98009    | 98358    |         2176178 |      1360.1115
 98015    | 98358    |         2176178 |      1360.1115
 98005    | 98358    |         2176178 |      1360.1115
 98005    | 98325    |         2172118 |      1357.5737
 98007    | 98325    |         2172118 |      1357.5737
 98004    | 98325    |         2172118 |      1357.5737
 98008    | 98325    |         2172118 |      1357.5737
 98006    | 98325    |         2172118 |      1357.5737
 98009    | 98325    |         2172118 |      1357.5737
 98015    | 98325    |         2172118 |      1357.5737
 98005    | 98277    |         2171361 |      1357.1008
 98004    | 98277    |         2171361 |      1357.1008
 98008    | 98277    |         2171361 |      1357.1008
 98015    | 98278    |         2171361 |      1357.1008
 98015    | 98277    |         2171361 |      1357.1008
 98004    | 98278    |         2171361 |      1357.1008
 98005    | 98278    |         2171361 |      1357.1008
 98006    | 98278    |         2171361 |      1357.1008
 98009    | 98278    |         2171361 |      1357.1008
 98007    | 98278    |         2171361 |      1357.1008
 98008    | 98278    |         2171361 |      1357.1008
 98006    | 98277    |         2171361 |      1357.1008
 98009    | 98277    |         2171361 |      1357.1008
 98007    | 98277    |         2171361 |      1357.1008
 98007    | 98339    |         2170662 |      1356.6635
 98006    | 98339    |         2170662 |      1356.6635
 98005    | 98339    |         2170662 |      1356.6635
 98015    | 98339    |         2170662 |      1356.6635
 98009    | 98339    |         2170662 |      1356.6635
 98004    | 98339    |         2170662 |      1356.6635
 98008    | 98339    |         2170662 |      1356.6635
 98008    | 98376    |         2169362 |      1355.8511
 98009    | 98376    |         2169362 |      1355.8511
 98015    | 98376    |         2169362 |      1355.8511
 98007    | 98376    |         2169362 |      1355.8511
 98006    | 98376    |         2169362 |      1355.8511
 98005    | 98376    |         2169362 |      1355.8511
 98004    | 98376    |         2169362 |      1355.8511
 98009    | 98555    |         2160719 |      1350.4496
 98015    | 98555    |         2160719 |      1350.4496
 98006    | 98555    |         2160719 |      1350.4496
 98005    | 98555    |         2160719 |      1350.4496
 98004    | 98555    |         2160719 |      1350.4496
 98007    | 98555    |         2160719 |      1350.4496
 98008    | 98555    |         2160719 |      1350.4496
 98009    | 98340    |         2157207 |       1348.254
 98004    | 98340    |         2157207 |       1348.254
 98005    | 98340    |         2157207 |       1348.254
 98015    | 98340    |         2157207 |       1348.254
 98007    | 98340    |         2157207 |       1348.254
 98006    | 98340    |         2157207 |       1348.254
 98008    | 98340    |         2157207 |       1348.254
 98009    | 98560    |         2153385 |      1345.8655
 98004    | 98560    |         2153385 |      1345.8655
 98015    | 98560    |         2153385 |      1345.8655
 98007    | 98560    |         2153385 |      1345.8655
 98008    | 98560    |         2153385 |      1345.8655
 98006    | 98560    |         2153385 |      1345.8655
 98005    | 98560    |         2153385 |      1345.8655
 98006    | 98110    |         2152641 |      1345.4006
 98005    | 98110    |         2152641 |      1345.4006
 98004    | 98110    |         2152641 |      1345.4006
 98009    | 98110    |         2152641 |      1345.4006
 98015    | 98110    |         2152641 |      1345.4006
 98007    | 98110    |         2152641 |      1345.4006
 98008    | 98110    |         2152641 |      1345.4006
 98009    | 98365    |         2151710 |      1344.8188
 98005    | 98365    |         2151710 |      1344.8188
 98006    | 98365    |         2151710 |      1344.8188
 98007    | 98365    |         2151710 |      1344.8188
 98008    | 98365    |         2151710 |      1344.8188
 98004    | 98365    |         2151710 |      1344.8188
 98015    | 98365    |         2151710 |      1344.8188
 98015    | 98061    |         2150236 |      1343.8973
 98004    | 98061    |         2150236 |      1343.8973
 98008    | 98061    |         2150236 |      1343.8973
 98006    | 98061    |         2150236 |      1343.8973
 98007    | 98061    |         2150236 |      1343.8973
 98005    | 98061    |         2150236 |      1343.8973
 98009    | 98061    |         2150236 |      1343.8973
 98009    | 98346    |         2148440 |       1342.775
 98007    | 98346    |         2148440 |       1342.775
 98015    | 98346    |         2148440 |       1342.775
 98006    | 98346    |         2148440 |       1342.775
 98005    | 98346    |         2148440 |       1342.775
 98004    | 98346    |         2148440 |       1342.775
 98008    | 98346    |         2148440 |       1342.775
 98008    | 98342    |         2146665 |      1341.6655
 98015    | 98342    |         2146665 |      1341.6655
 98009    | 98342    |         2146665 |      1341.6655
 98004    | 98342    |         2146665 |      1341.6655
 98005    | 98342    |         2146665 |      1341.6655
 98006    | 98342    |         2146665 |      1341.6655
 98007    | 98342    |         2146665 |      1341.6655
 98006    | 98364    |         2144085 |      1340.0532
 98007    | 98364    |         2144085 |      1340.0532
 98005    | 98364    |         2144085 |      1340.0532
 98008    | 98364    |         2144085 |      1340.0532
 98004    | 98364    |         2144085 |      1340.0532
 98015    | 98364    |         2144085 |      1340.0532
 98009    | 98364    |         2144085 |      1340.0532
 98006    | 98392    |         2143155 |      1339.4719
 98007    | 98392    |         2143155 |      1339.4719
 98005    | 98392    |         2143155 |      1339.4719
 98004    | 98392    |         2143155 |      1339.4719
 98015    | 98392    |         2143155 |      1339.4719
 98009    | 98392    |         2143155 |      1339.4719
 98008    | 98392    |         2143155 |      1339.4719
 98009    | 98546    |         2135265 |      1334.5406
 98006    | 98546    |         2135265 |      1334.5406
 98007    | 98546    |         2135265 |      1334.5406
 98015    | 98546    |         2135265 |      1334.5406
 98004    | 98546    |         2135265 |      1334.5406
 98005    | 98546    |         2135265 |      1334.5406
 98008    | 98546    |         2135265 |      1334.5406
 98007    | 98588    |         2134760 |       1334.225
 98004    | 98588    |         2134760 |       1334.225
 98005    | 98588    |         2134760 |       1334.225
 98006    | 98588    |         2134760 |       1334.225
 98008    | 98588    |         2134760 |       1334.225
 98009    | 98588    |         2134760 |       1334.225
 98015    | 98588    |         2134760 |       1334.225
 98004    | 98380    |         2134181 |      1333.8633
 98015    | 98380    |         2134181 |      1333.8633
 98005    | 98380    |         2134181 |      1333.8633
 98007    | 98380    |         2134181 |      1333.8633
 98008    | 98380    |         2134181 |      1333.8633
 98009    | 98380    |         2134181 |      1333.8633
 98006    | 98380    |         2134181 |      1333.8633
 98009    | 98370    |         2134169 |      1333.8555
 98004    | 98370    |         2134169 |      1333.8555
 98005    | 98370    |         2134169 |      1333.8555
 98006    | 98370    |         2134169 |      1333.8555
 98008    | 98370    |         2134169 |      1333.8555
 98007    | 98370    |         2134169 |      1333.8555
 98015    | 98370    |         2134169 |      1333.8555
 98008    | 98592    |         2133651 |      1333.5319
 98015    | 98592    |         2133651 |      1333.5319
 98004    | 98592    |         2133651 |      1333.5319
 98009    | 98592    |         2133651 |      1333.5319
 98005    | 98592    |         2133651 |      1333.5319
 98007    | 98592    |         2133651 |      1333.5319
 98006    | 98592    |         2133651 |      1333.5319
 98009    | 98345    |         2129824 |      1331.1396
 98004    | 98345    |         2129824 |      1331.1396
 98005    | 98345    |         2129824 |      1331.1396
 98006    | 98345    |         2129824 |      1331.1396
 98007    | 98345    |         2129824 |      1331.1396
 98015    | 98345    |         2129824 |      1331.1396
 98008    | 98345    |         2129824 |      1331.1396
 98007    | 98528    |         2129737 |      1331.0854
 98006    | 98528    |         2129737 |      1331.0854
 98005    | 98528    |         2129737 |      1331.0854
 98004    | 98528    |         2129737 |      1331.0854
 98008    | 98528    |         2129737 |      1331.0854
 98009    | 98528    |         2129737 |      1331.0854
 98015    | 98528    |         2129737 |      1331.0854
 98008    | 98383    |         2127748 |      1329.8422
 98015    | 98383    |         2127748 |      1329.8422
 98008    | 98315    |         2127748 |      1329.8422
 98007    | 98315    |         2127748 |      1329.8422
 98006    | 98315    |         2127748 |      1329.8422
 98005    | 98315    |         2127748 |      1329.8422
 98009    | 98315    |         2127748 |      1329.8422
 98015    | 98315    |         2127748 |      1329.8422
 98009    | 98383    |         2127748 |      1329.8422
 98004    | 98315    |         2127748 |      1329.8422
 98004    | 98383    |         2127748 |      1329.8422
 98005    | 98383    |         2127748 |      1329.8422
 98006    | 98383    |         2127748 |      1329.8422
 98007    | 98383    |         2127748 |      1329.8422
 98004    | 98311    |         2126318 |      1328.9486
 98006    | 98311    |         2126318 |      1328.9486
 98015    | 98311    |         2126318 |      1328.9486
 98009    | 98311    |         2126318 |      1328.9486
 98007    | 98311    |         2126318 |      1328.9486
 98008    | 98311    |         2126318 |      1328.9486
 98005    | 98311    |         2126318 |      1328.9486
 98009    | 98353    |         2122909 |      1326.8181
 98007    | 98353    |         2122909 |      1326.8181
 98008    | 98353    |         2122909 |      1326.8181
 98004    | 98353    |         2122909 |      1326.8181
 98015    | 98353    |         2122909 |      1326.8181
 98005    | 98353    |         2122909 |      1326.8181
 98006    | 98353    |         2122909 |      1326.8181
 98005    | 98584    |         2121200 |      1325.7501
 98015    | 98584    |         2121200 |      1325.7501
 98008    | 98584    |         2121200 |      1325.7501
 98006    | 98584    |         2121200 |      1325.7501
 98004    | 98584    |         2121200 |      1325.7501
 98009    | 98584    |         2121200 |      1325.7501
 98007    | 98584    |         2121200 |      1325.7501
 98006    | 98393    |         2115205 |      1322.0029
 98015    | 98393    |         2115205 |      1322.0029
 98009    | 98393    |         2115205 |      1322.0029
 98004    | 98393    |         2115205 |      1322.0029
 98005    | 98393    |         2115205 |      1322.0029
 98008    | 98393    |         2115205 |      1322.0029
 98007    | 98393    |         2115205 |      1322.0029
 98006    | 98310    |         2112302 |      1320.1886
 98015    | 98310    |         2112302 |      1320.1886
 98008    | 98310    |         2112302 |      1320.1886
 98009    | 98310    |         2112302 |      1320.1886
 98005    | 98310    |         2112302 |      1320.1886
 98004    | 98310    |         2112302 |      1320.1886
 98007    | 98310    |         2112302 |      1320.1886
 98006    | 98351    |         2111935 |      1319.9592
 98005    | 98351    |         2111935 |      1319.9592
 98009    | 98351    |         2111935 |      1319.9592
 98008    | 98351    |         2111935 |      1319.9592
 98007    | 98351    |         2111935 |      1319.9592
 98004    | 98351    |         2111935 |      1319.9592
 98015    | 98351    |         2111935 |      1319.9592
 98009    | 98524    |         2111589 |      1319.7428
 98015    | 98524    |         2111589 |      1319.7428
 98004    | 98524    |         2111589 |      1319.7428
 98006    | 98524    |         2111589 |      1319.7428
 98007    | 98524    |         2111589 |      1319.7428
 98008    | 98524    |         2111589 |      1319.7428
 98005    | 98524    |         2111589 |      1319.7428
 98006    | 98337    |         2110896 |      1319.3097
 98004    | 98312    |         2110896 |      1319.3097
 98007    | 98312    |         2110896 |      1319.3097
 98015    | 98312    |         2110896 |      1319.3097
 98005    | 98312    |         2110896 |      1319.3097
 98004    | 98337    |         2110896 |      1319.3097
 98006    | 98312    |         2110896 |      1319.3097
 98009    | 98312    |         2110896 |      1319.3097
 98008    | 98312    |         2110896 |      1319.3097
 98015    | 98337    |         2110896 |      1319.3097
 98009    | 98337    |         2110896 |      1319.3097
 98007    | 98337    |         2110896 |      1319.3097
 98008    | 98337    |         2110896 |      1319.3097
 98005    | 98337    |         2110896 |      1319.3097
 98006    | 98314    |         2110841 |      1319.2755
 98004    | 98314    |         2110841 |      1319.2755
 98007    | 98314    |         2110841 |      1319.2755
 98008    | 98314    |         2110841 |      1319.2755
 98009    | 98314    |         2110841 |      1319.2755
 98015    | 98314    |         2110841 |      1319.2755
 98005    | 98314    |         2110841 |      1319.2755
 98008    | 98386    |         2104149 |      1315.0928
 98004    | 98386    |         2104149 |      1315.0928
 98009    | 98386    |         2104149 |      1315.0928
 98015    | 98386    |         2104149 |      1315.0928
 98005    | 98386    |         2104149 |      1315.0928
 98007    | 98386    |         2104149 |      1315.0928
 98006    | 98386    |         2104149 |      1315.0928
 98015    | 98384    |         2103285 |      1314.5529
 98006    | 98384    |         2103285 |      1314.5529
 98005    | 98384    |         2103285 |      1314.5529
 98004    | 98384    |         2103285 |      1314.5529
 98008    | 98384    |         2103285 |      1314.5529
 98007    | 98384    |         2103285 |      1314.5529
 98009    | 98384    |         2103285 |      1314.5529
 98004    | 98349    |         2101950 |      1313.7184
 98005    | 98349    |         2101950 |      1313.7184
 98008    | 98349    |         2101950 |      1313.7184
 98009    | 98349    |         2101950 |      1313.7184
 98007    | 98349    |         2101950 |      1313.7184
 98006    | 98349    |         2101950 |      1313.7184
 98015    | 98349    |         2101950 |      1313.7184
 98009    | 98394    |         2100498 |      1312.8113
 98006    | 98394    |         2100498 |      1312.8113
 98004    | 98394    |         2100498 |      1312.8113
 98008    | 98394    |         2100498 |      1312.8113
 98015    | 98394    |         2100498 |      1312.8113
 98005    | 98394    |         2100498 |      1312.8113
 98007    | 98394    |         2100498 |      1312.8113
 98004    | 98287    |         2099883 |      1312.4269
 98006    | 98287    |         2099883 |      1312.4269
 98007    | 98287    |         2099883 |      1312.4269
 98005    | 98287    |         2099883 |      1312.4269
 98015    | 98287    |         2099883 |      1312.4269
 98009    | 98287    |         2099883 |      1312.4269
 98008    | 98287    |         2099883 |      1312.4269
 98007    | 98366    |         2095711 |      1309.8191
 98004    | 98366    |         2095711 |      1309.8191
 98005    | 98366    |         2095711 |      1309.8191
 98006    | 98366    |         2095711 |      1309.8191
 98004    | 98367    |         2095711 |      1309.8191
 98005    | 98367    |         2095711 |      1309.8191
 98006    | 98367    |         2095711 |      1309.8191
 98007    | 98367    |         2095711 |      1309.8191
 98008    | 98366    |         2095711 |      1309.8191
 98008    | 98367    |         2095711 |      1309.8191
 98009    | 98366    |         2095711 |      1309.8191
 98015    | 98366    |         2095711 |      1309.8191
 98009    | 98367    |         2095711 |      1309.8191
 98015    | 98367    |         2095711 |      1309.8191
 98004    | 98359    |         2090289 |      1306.4308
 98007    | 98359    |         2090289 |      1306.4308
 98006    | 98359    |         2090289 |      1306.4308
 98015    | 98359    |         2090289 |      1306.4308
 98008    | 98359    |         2090289 |      1306.4308
 98009    | 98359    |         2090289 |      1306.4308
 98005    | 98359    |         2090289 |      1306.4308
 98015    | 98322    |         2084992 |        1303.12
 98007    | 98322    |         2084992 |        1303.12
 98005    | 98322    |         2084992 |        1303.12
 98006    | 98322    |         2084992 |        1303.12
 98008    | 98322    |         2084992 |        1303.12
 98004    | 98322    |         2084992 |        1303.12
 98009    | 98322    |         2084992 |        1303.12
 98009    | 98332    |         2082471 |      1301.5446
 98007    | 98329    |         2082471 |      1301.5446
 98006    | 98329    |         2082471 |      1301.5446
 98005    | 98329    |         2082471 |      1301.5446
 98004    | 98329    |         2082471 |      1301.5446
 98009    | 98329    |         2082471 |      1301.5446
 98015    | 98329    |         2082471 |      1301.5446
 98006    | 98332    |         2082471 |      1301.5446
 98015    | 98332    |         2082471 |      1301.5446
 98009    | 98335    |         2082471 |      1301.5446
 98015    | 98335    |         2082471 |      1301.5446
 98008    | 98329    |         2082471 |      1301.5446
 98004    | 98335    |         2082471 |      1301.5446
 98005    | 98332    |         2082471 |      1301.5446
 98007    | 98332    |         2082471 |      1301.5446
 98008    | 98332    |         2082471 |      1301.5446
 98005    | 98335    |         2082471 |      1301.5446
 98004    | 98332    |         2082471 |      1301.5446
 98006    | 98335    |         2082471 |      1301.5446
 98007    | 98335    |         2082471 |      1301.5446
 98008    | 98335    |         2082471 |      1301.5446
 98006    | 98395    |         2082280 |      1301.4252
 98007    | 98395    |         2082280 |      1301.4252
 98004    | 98395    |         2082280 |      1301.4252
 98008    | 98395    |         2082280 |      1301.4252
 98005    | 98395    |         2082280 |      1301.4252
 98015    | 98395    |         2082280 |      1301.4252
 98009    | 98395    |         2082280 |      1301.4252
 98008    | 98010    |         2025603 |      1266.0021
 98004    | 98010    |         2025603 |      1266.0021
 98005    | 98010    |         2025603 |      1266.0021
 98006    | 98010    |         2025603 |      1266.0021
 98007    | 98010    |         2025603 |      1266.0021
 98009    | 98010    |         2025603 |      1266.0021
 98010    | 98015    |         2025603 |      1266.0021
 98015    | 98398    |         1942927 |      1214.3295
 98005    | 98398    |         1942927 |      1214.3295
 98006    | 98398    |         1942927 |      1214.3295
 98008    | 98398    |         1942927 |      1214.3295
 98007    | 98398    |         1942927 |      1214.3295
 98009    | 98398    |         1942927 |      1214.3295
 98004    | 98398    |         1942927 |      1214.3295
 98357    | 98496    |         1875155 |      1171.9717
 98357    | 98388    |         1875155 |      1171.9717
 98357    | 98448    |         1875155 |      1171.9717
 98357    | 98447    |         1875155 |      1171.9717
 98357    | 98445    |         1875155 |      1171.9717
 98357    | 98446    |         1875155 |      1171.9717
 98357    | 98498    |         1875155 |      1171.9717
 98357    | 98499    |         1875155 |      1171.9717
 98357    | 98444    |         1875155 |      1171.9717
 98357    | 98439    |         1875155 |      1171.9717
 98350    | 98496    |         1857874 |       1161.171
 98350    | 98439    |         1857874 |       1161.171
 98350    | 98388    |         1857874 |       1161.171
 98350    | 98448    |         1857874 |       1161.171
 98350    | 98445    |         1857874 |       1161.171
 98350    | 98446    |         1857874 |       1161.171
 98350    | 98447    |         1857874 |       1161.171
 98350    | 98498    |         1857874 |       1161.171
 98350    | 98499    |         1857874 |       1161.171
 98350    | 98444    |         1857874 |       1161.171
 98326    | 98447    |         1853729 |      1158.5804
 98326    | 98439    |         1853729 |      1158.5804
 98326    | 98498    |         1853729 |      1158.5804
 98326    | 98388    |         1853729 |      1158.5804
 98326    | 98499    |         1853729 |      1158.5804
 98326    | 98496    |         1853729 |      1158.5804
 98326    | 98448    |         1853729 |      1158.5804
 98326    | 98445    |         1853729 |      1158.5804
 98326    | 98444    |         1853729 |      1158.5804
 98326    | 98446    |         1853729 |      1158.5804
 98381    | 98439    |         1853518 |      1158.4485
 98381    | 98445    |         1853518 |      1158.4485
 98381    | 98498    |         1853518 |      1158.4485
 98381    | 98446    |         1853518 |      1158.4485
 98381    | 98499    |         1853518 |      1158.4485
 98381    | 98444    |         1853518 |      1158.4485
 98381    | 98388    |         1853518 |      1158.4485
 98381    | 98448    |         1853518 |      1158.4485
 98381    | 98447    |         1853518 |      1158.4485
 98381    | 98496    |         1853518 |      1158.4485
 98331    | 98448    |         1816162 |      1135.1014
 98331    | 98444    |         1816162 |      1135.1014
 98331    | 98499    |         1816162 |      1135.1014
 98331    | 98498    |         1816162 |      1135.1014
 98331    | 98439    |         1816162 |      1135.1014
 98331    | 98496    |         1816162 |      1135.1014
 98331    | 98445    |         1816162 |      1135.1014
 98331    | 98446    |         1816162 |      1135.1014
 98331    | 98447    |         1816162 |      1135.1014
 98331    | 98388    |         1816162 |      1135.1014
 98363    | 98446    |         1803185 |      1126.9905
 98363    | 98447    |         1803185 |      1126.9905
 98362    | 98439    |         1803185 |      1126.9905
 98363    | 98498    |         1803185 |      1126.9905
 98363    | 98439    |         1803185 |      1126.9905
 98363    | 98445    |         1803185 |      1126.9905
 98363    | 98496    |         1803185 |      1126.9905
 98362    | 98444    |         1803185 |      1126.9905
 98362    | 98499    |         1803185 |      1126.9905
 98362    | 98498    |         1803185 |      1126.9905
 98362    | 98447    |         1803185 |      1126.9905
 98362    | 98445    |         1803185 |      1126.9905
 98362    | 98496    |         1803185 |      1126.9905
 98362    | 98446    |         1803185 |      1126.9905
 98362    | 98448    |         1803185 |      1126.9905
 98363    | 98448    |         1803185 |      1126.9905
 98362    | 98388    |         1803185 |      1126.9905
 98363    | 98388    |         1803185 |      1126.9905
 98363    | 98499    |         1803185 |      1126.9905
 98363    | 98444    |         1803185 |      1126.9905
 98005    | 99371    |         1780616 |      1112.8849
 98015    | 99371    |         1780616 |      1112.8849
 98009    | 99371    |         1780616 |      1112.8849
 98008    | 99371    |         1780616 |      1112.8849
 98007    | 99371    |         1780616 |      1112.8849
 98006    | 99371    |         1780616 |      1112.8849
 98004    | 99371    |         1780616 |      1112.8849
 98343    | 98496    |         1778663 |      1111.6642
 98343    | 98498    |         1778663 |      1111.6642
 98343    | 98439    |         1778663 |      1111.6642
 98343    | 98388    |         1778663 |      1111.6642
 98343    | 98444    |         1778663 |      1111.6642
 98343    | 98448    |         1778663 |      1111.6642
 98343    | 98445    |         1778663 |      1111.6642
 98343    | 98499    |         1778663 |      1111.6642
 98343    | 98447    |         1778663 |      1111.6642
 98343    | 98446    |         1778663 |      1111.6642
 98236    | 98388    |         1764631 |      1102.8942
 98236    | 98448    |         1764631 |      1102.8942
 98236    | 98446    |         1764631 |      1102.8942
 98236    | 98444    |         1764631 |      1102.8942
 98236    | 98499    |         1764631 |      1102.8942
 98236    | 98498    |         1764631 |      1102.8942
 98236    | 98447    |         1764631 |      1102.8942
 98236    | 98445    |         1764631 |      1102.8942
 98236    | 98439    |         1764631 |      1102.8942
 98236    | 98496    |         1764631 |      1102.8942
 98260    | 98496    |         1758056 |       1098.785
 98260    | 98439    |         1758056 |       1098.785
 98260    | 98445    |         1758056 |       1098.785
 98260    | 98446    |         1758056 |       1098.785
 98260    | 98447    |         1758056 |       1098.785
 98260    | 98498    |         1758056 |       1098.785
 98260    | 98448    |         1758056 |       1098.785
 98260    | 98444    |         1758056 |       1098.785
 98260    | 98388    |         1758056 |       1098.785
 98260    | 98499    |         1758056 |       1098.785
 98249    | 98448    |         1746381 |       1091.488
 98249    | 98446    |         1746381 |       1091.488
 98249    | 98496    |         1746381 |       1091.488
 98249    | 98388    |         1746381 |       1091.488
 98249    | 98439    |         1746381 |       1091.488
 98249    | 98445    |         1746381 |       1091.488
 98249    | 98447    |         1746381 |       1091.488
 98249    | 98498    |         1746381 |       1091.488
 98249    | 98499    |         1746381 |       1091.488
 98249    | 98444    |         1746381 |       1091.488
 98253    | 98388    |         1738138 |      1086.3364
 98253    | 98448    |         1738138 |      1086.3364
 98253    | 98444    |         1738138 |      1086.3364
 98253    | 98499    |         1738138 |      1086.3364
 98253    | 98498    |         1738138 |      1086.3364
 98253    | 98447    |         1738138 |      1086.3364
 98253    | 98446    |         1738138 |      1086.3364
 98253    | 98445    |         1738138 |      1086.3364
 98253    | 98496    |         1738138 |      1086.3364
 98253    | 98439    |         1738138 |      1086.3364
 98324    | 98439    |         1734344 |      1083.9647
 98324    | 98498    |         1734344 |      1083.9647
 98324    | 98499    |         1734344 |      1083.9647
 98324    | 98444    |         1734344 |      1083.9647
 98324    | 98496    |         1734344 |      1083.9647
 98324    | 98446    |         1734344 |      1083.9647
 98324    | 98388    |         1734344 |      1083.9647
 98324    | 98448    |         1734344 |      1083.9647
 98324    | 98445    |         1734344 |      1083.9647
 98324    | 98447    |         1734344 |      1083.9647
 98382    | 98447    |         1731850 |      1082.4062
 98382    | 98445    |         1731850 |      1082.4062
 98382    | 98498    |         1731850 |      1082.4062
 98382    | 98499    |         1731850 |      1082.4062
 98382    | 98444    |         1731850 |      1082.4062
 98382    | 98439    |         1731850 |      1082.4062
 98382    | 98448    |         1731850 |      1082.4062
 98382    | 98446    |         1731850 |      1082.4062
 98382    | 98496    |         1731850 |      1082.4062
 98382    | 98388    |         1731850 |      1082.4062
 98239    | 98388    |         1722278 |       1076.424
 98239    | 98448    |         1722278 |       1076.424
 98239    | 98499    |         1722278 |       1076.424
 98239    | 98447    |         1722278 |       1076.424
 98239    | 98498    |         1722278 |       1076.424
 98239    | 98444    |         1722278 |       1076.424
 98239    | 98445    |         1722278 |       1076.424
 98239    | 98496    |         1722278 |       1076.424
 98239    | 98439    |         1722278 |       1076.424
 98239    | 98446    |         1722278 |       1076.424
 98006    | 99402    |         1718578 |      1074.1115
 98007    | 99402    |         1718578 |      1074.1115
 98009    | 99402    |         1718578 |      1074.1115
 98004    | 99402    |         1718578 |      1074.1115
 98005    | 99402    |         1718578 |      1074.1115
 98015    | 99402    |         1718578 |      1074.1115
 98008    | 99402    |         1718578 |      1074.1115
 98320    | 98444    |         1715245 |      1072.0278
 98320    | 98448    |         1715245 |      1072.0278
 98320    | 98446    |         1715245 |      1072.0278
 98320    | 98499    |         1715245 |      1072.0278
 98320    | 98498    |         1715245 |      1072.0278
 98320    | 98447    |         1715245 |      1072.0278
 98320    | 98445    |         1715245 |      1072.0278
 98320    | 98496    |         1715245 |      1072.0278
 98320    | 98388    |         1715245 |      1072.0278
 98320    | 98439    |         1715245 |      1072.0278
 98445    | 98548    |         1714794 |      1071.7462
 98444    | 98548    |         1714794 |      1071.7462
 98446    | 98548    |         1714794 |      1071.7462
 98498    | 98548    |         1714794 |      1071.7462
 98499    | 98548    |         1714794 |      1071.7462
 98496    | 98548    |         1714794 |      1071.7462
 98439    | 98548    |         1714794 |      1071.7462
 98447    | 98548    |         1714794 |      1071.7462
 98448    | 98548    |         1714794 |      1071.7462
 98388    | 98548    |         1714794 |      1071.7462
 98005    | 99403    |         1708334 |      1067.7089
 98004    | 99403    |         1708334 |      1067.7089
 98015    | 99403    |         1708334 |      1067.7089
 98009    | 99403    |         1708334 |      1067.7089
 98007    | 99403    |         1708334 |      1067.7089
 98008    | 99403    |         1708334 |      1067.7089
 98006    | 99403    |         1708334 |      1067.7089
 98368    | 98446    |         1706654 |      1066.6586
 98368    | 98444    |         1706654 |      1066.6586
 98368    | 98445    |         1706654 |      1066.6586
 98368    | 98439    |         1706654 |      1066.6586
 98368    | 98448    |         1706654 |      1066.6586
 98368    | 98498    |         1706654 |      1066.6586
 98368    | 98499    |         1706654 |      1066.6586
 98368    | 98447    |         1706654 |      1066.6586
 98368    | 98496    |         1706654 |      1066.6586
 98368    | 98388    |         1706654 |      1066.6586
 98358    | 98446    |         1704521 |      1065.3257
 98358    | 98388    |         1704521 |      1065.3257
 98358    | 98445    |         1704521 |      1065.3257
 98358    | 98448    |         1704521 |      1065.3257
 98358    | 98498    |         1704521 |      1065.3257
 98358    | 98496    |         1704521 |      1065.3257
 98358    | 98499    |         1704521 |      1065.3257
 98358    | 98444    |         1704521 |      1065.3257
 98358    | 98439    |         1704521 |      1065.3257
 98358    | 98447    |         1704521 |      1065.3257
 98325    | 98447    |         1700461 |       1062.788
 98325    | 98439    |         1700461 |       1062.788
 98325    | 98446    |         1700461 |       1062.788
 98325    | 98499    |         1700461 |       1062.788
 98325    | 98496    |         1700461 |       1062.788
 98325    | 98444    |         1700461 |       1062.788
 98325    | 98388    |         1700461 |       1062.788
 98325    | 98498    |         1700461 |       1062.788
 98325    | 98445    |         1700461 |       1062.788
 98325    | 98448    |         1700461 |       1062.788
 98277    | 98448    |         1699704 |      1062.3152
 98278    | 98499    |         1699704 |      1062.3152
 98277    | 98445    |         1699704 |      1062.3152
 98277    | 98446    |         1699704 |      1062.3152
 98277    | 98447    |         1699704 |      1062.3152
 98277    | 98498    |         1699704 |      1062.3152
 98277    | 98499    |         1699704 |      1062.3152
 98277    | 98439    |         1699704 |      1062.3152
 98278    | 98388    |         1699704 |      1062.3152
 98277    | 98388    |         1699704 |      1062.3152
 98277    | 98444    |         1699704 |      1062.3152
 98278    | 98496    |         1699704 |      1062.3152
 98278    | 98444    |         1699704 |      1062.3152
 98278    | 98498    |         1699704 |      1062.3152
 98278    | 98439    |         1699704 |      1062.3152
 98278    | 98447    |         1699704 |      1062.3152
 98278    | 98446    |         1699704 |      1062.3152
 98278    | 98445    |         1699704 |      1062.3152
 98277    | 98496    |         1699704 |      1062.3152
 98278    | 98448    |         1699704 |      1062.3152
 98339    | 98496    |         1699004 |      1061.8777
 98339    | 98498    |         1699004 |      1061.8777
 98339    | 98388    |         1699004 |      1061.8777
 98339    | 98444    |         1699004 |      1061.8777
 98339    | 98499    |         1699004 |      1061.8777
 98339    | 98445    |         1699004 |      1061.8777
 98339    | 98439    |         1699004 |      1061.8777
 98339    | 98447    |         1699004 |      1061.8777
 98339    | 98446    |         1699004 |      1061.8777
 98339    | 98448    |         1699004 |      1061.8777
 98376    | 98499    |         1697705 |      1061.0654
 98376    | 98439    |         1697705 |      1061.0654
 98376    | 98444    |         1697705 |      1061.0654
 98376    | 98498    |         1697705 |      1061.0654
 98376    | 98447    |         1697705 |      1061.0654
 98376    | 98446    |         1697705 |      1061.0654
 98376    | 98445    |         1697705 |      1061.0654
 98376    | 98496    |         1697705 |      1061.0654
 98376    | 98448    |         1697705 |      1061.0654
 98376    | 98388    |         1697705 |      1061.0654
 98448    | 98555    |         1689062 |      1055.6638
 98388    | 98555    |         1689062 |      1055.6638
 98439    | 98555    |         1689062 |      1055.6638
 98445    | 98555    |         1689062 |      1055.6638
 98444    | 98555    |         1689062 |      1055.6638
 98496    | 98555    |         1689062 |      1055.6638
 98446    | 98555    |         1689062 |      1055.6638
 98447    | 98555    |         1689062 |      1055.6638
 98498    | 98555    |         1689062 |      1055.6638
 98499    | 98555    |         1689062 |      1055.6638
 98340    | 98448    |         1685549 |      1053.4684
 98340    | 98444    |         1685549 |      1053.4684
 98340    | 98499    |         1685549 |      1053.4684
 98340    | 98498    |         1685549 |      1053.4684
 98340    | 98388    |         1685549 |      1053.4684
 98340    | 98445    |         1685549 |      1053.4684
 98340    | 98496    |         1685549 |      1053.4684
 98340    | 98447    |         1685549 |      1053.4684
 98340    | 98446    |         1685549 |      1053.4684
 98340    | 98439    |         1685549 |      1053.4684
 98448    | 98560    |         1681728 |      1051.0798
 98498    | 98560    |         1681728 |      1051.0798
 98499    | 98560    |         1681728 |      1051.0798
 98446    | 98560    |         1681728 |      1051.0798
 98445    | 98560    |         1681728 |      1051.0798
 98444    | 98560    |         1681728 |      1051.0798
 98388    | 98560    |         1681728 |      1051.0798
 98439    | 98560    |         1681728 |      1051.0798
 98496    | 98560    |         1681728 |      1051.0798
 98447    | 98560    |         1681728 |      1051.0798
 98110    | 98498    |         1680984 |      1050.6151
 98110    | 98446    |         1680984 |      1050.6151
 98110    | 98445    |         1680984 |      1050.6151
 98110    | 98496    |         1680984 |      1050.6151
 98110    | 98439    |         1680984 |      1050.6151
 98110    | 98448    |         1680984 |      1050.6151
 98110    | 98388    |         1680984 |      1050.6151
 98110    | 98444    |         1680984 |      1050.6151
 98110    | 98499    |         1680984 |      1050.6151
 98110    | 98447    |         1680984 |      1050.6151
 98365    | 98499    |         1680053 |      1050.0331
 98365    | 98444    |         1680053 |      1050.0331
 98365    | 98498    |         1680053 |      1050.0331
 98365    | 98447    |         1680053 |      1050.0331
 98365    | 98446    |         1680053 |      1050.0331
 98365    | 98445    |         1680053 |      1050.0331
 98365    | 98496    |         1680053 |      1050.0331
 98365    | 98448    |         1680053 |      1050.0331
 98365    | 98388    |         1680053 |      1050.0331
 98365    | 98439    |         1680053 |      1050.0331
 98006    | 99401    |         1679176 |      1049.4851
 98005    | 99401    |         1679176 |      1049.4851
 98008    | 99401    |         1679176 |      1049.4851
 98007    | 99401    |         1679176 |      1049.4851
 98004    | 99401    |         1679176 |      1049.4851
 98015    | 99401    |         1679176 |      1049.4851
 98009    | 99401    |         1679176 |      1049.4851
 98061    | 98498    |         1678579 |      1049.1117
 98061    | 98447    |         1678579 |      1049.1117
 98061    | 98496    |         1678579 |      1049.1117
 98061    | 98446    |         1678579 |      1049.1117
 98061    | 98448    |         1678579 |      1049.1117
 98061    | 98439    |         1678579 |      1049.1117
 98061    | 98445    |         1678579 |      1049.1117
 98061    | 98444    |         1678579 |      1049.1117
 98061    | 98499    |         1678579 |      1049.1117
 98061    | 98388    |         1678579 |      1049.1117
 98346    | 98445    |         1676783 |      1047.9893
 98346    | 98446    |         1676783 |      1047.9893
 98346    | 98388    |         1676783 |      1047.9893
 98346    | 98439    |         1676783 |      1047.9893
 98346    | 98448    |         1676783 |      1047.9893
 98346    | 98447    |         1676783 |      1047.9893
 98346    | 98444    |         1676783 |      1047.9893
 98346    | 98499    |         1676783 |      1047.9893
 98346    | 98498    |         1676783 |      1047.9893
 98346    | 98496    |         1676783 |      1047.9893
 98342    | 98439    |         1675008 |      1046.8799
 98342    | 98448    |         1675008 |      1046.8799
 98342    | 98388    |         1675008 |      1046.8799
 98342    | 98496    |         1675008 |      1046.8799
 98342    | 98445    |         1675008 |      1046.8799
 98342    | 98446    |         1675008 |      1046.8799
 98342    | 98447    |         1675008 |      1046.8799
 98342    | 98498    |         1675008 |      1046.8799
 98342    | 98499    |         1675008 |      1046.8799
 98342    | 98444    |         1675008 |      1046.8799
 98364    | 98445    |         1672428 |      1045.2676
 98364    | 98388    |         1672428 |      1045.2676
 98364    | 98496    |         1672428 |      1045.2676
 98364    | 98448    |         1672428 |      1045.2676
 98364    | 98439    |         1672428 |      1045.2676
 98364    | 98444    |         1672428 |      1045.2676
 98364    | 98499    |         1672428 |      1045.2676
 98364    | 98498    |         1672428 |      1045.2676
 98364    | 98447    |         1672428 |      1045.2676
 98364    | 98446    |         1672428 |      1045.2676
 98392    | 98447    |         1671498 |       1044.686
 98392    | 98496    |         1671498 |       1044.686
 98388    | 98392    |         1671498 |       1044.686
 98392    | 98448    |         1671498 |       1044.686
 98392    | 98439    |         1671498 |       1044.686
 98392    | 98498    |         1671498 |       1044.686
 98392    | 98499    |         1671498 |       1044.686
 98392    | 98444    |         1671498 |       1044.686
 98392    | 98445    |         1671498 |       1044.686
 98392    | 98446    |         1671498 |       1044.686
 98499    | 98546    |         1663608 |      1039.7548
 98444    | 98546    |         1663608 |      1039.7548
 98446    | 98546    |         1663608 |      1039.7548
 98388    | 98546    |         1663608 |      1039.7548
 98439    | 98546    |         1663608 |      1039.7548
 98496    | 98546    |         1663608 |      1039.7548
 98448    | 98546    |         1663608 |      1039.7548
 98445    | 98546    |         1663608 |      1039.7548
 98447    | 98546    |         1663608 |      1039.7548
 98498    | 98546    |         1663608 |      1039.7548
 98388    | 98588    |         1663103 |      1039.4392
 98444    | 98588    |         1663103 |      1039.4392
 98445    | 98588    |         1663103 |      1039.4392
 98446    | 98588    |         1663103 |      1039.4392
 98447    | 98588    |         1663103 |      1039.4392
 98448    | 98588    |         1663103 |      1039.4392
 98439    | 98588    |         1663103 |      1039.4392
 98496    | 98588    |         1663103 |      1039.4392
 98498    | 98588    |         1663103 |      1039.4392
 98499    | 98588    |         1663103 |      1039.4392
 98380    | 98448    |         1662524 |      1039.0775
 98380    | 98439    |         1662524 |      1039.0775
 98380    | 98496    |         1662524 |      1039.0775
 98380    | 98445    |         1662524 |      1039.0775
 98380    | 98446    |         1662524 |      1039.0775
 98380    | 98447    |         1662524 |      1039.0775
 98380    | 98498    |         1662524 |      1039.0775
 98380    | 98444    |         1662524 |      1039.0775
 98380    | 98499    |         1662524 |      1039.0775
 98380    | 98388    |         1662524 |      1039.0775
 98370    | 98498    |         1662512 |      1039.0697
 98370    | 98448    |         1662512 |      1039.0697
 98370    | 98388    |         1662512 |      1039.0697
 98370    | 98444    |         1662512 |      1039.0697
 98370    | 98499    |         1662512 |      1039.0697
 98370    | 98439    |         1662512 |      1039.0697
 98370    | 98496    |         1662512 |      1039.0697
 98370    | 98445    |         1662512 |      1039.0697
 98370    | 98446    |         1662512 |      1039.0697
 98370    | 98447    |         1662512 |      1039.0697
 98388    | 98592    |         1661994 |      1038.7462
 98444    | 98592    |         1661994 |      1038.7462
 98447    | 98592    |         1661994 |      1038.7462
 98496    | 98592    |         1661994 |      1038.7462
 98499    | 98592    |         1661994 |      1038.7462
 98498    | 98592    |         1661994 |      1038.7462
 98439    | 98592    |         1661994 |      1038.7462
 98448    | 98592    |         1661994 |      1038.7462
 98445    | 98592    |         1661994 |      1038.7462
 98446    | 98592    |         1661994 |      1038.7462
 98009    | 99363    |         1661832 |       1038.645
 98004    | 99363    |         1661832 |       1038.645
 98015    | 99363    |         1661832 |       1038.645
 98005    | 99363    |         1661832 |       1038.645
 98006    | 99363    |         1661832 |       1038.645
 98007    | 99363    |         1661832 |       1038.645
 98008    | 99363    |         1661832 |       1038.645
 98015    | 99361    |         1661160 |       1038.225
 98004    | 99361    |         1661160 |       1038.225
 98005    | 99361    |         1661160 |       1038.225
 98006    | 99361    |         1661160 |       1038.225
 98007    | 99361    |         1661160 |       1038.225
 98008    | 99361    |         1661160 |       1038.225
 98009    | 99361    |         1661160 |       1038.225
 98345    | 98496    |         1658166 |      1036.3539
 98345    | 98444    |         1658166 |      1036.3539
 98345    | 98439    |         1658166 |      1036.3539
 98345    | 98446    |         1658166 |      1036.3539
 98345    | 98445    |         1658166 |      1036.3539
 98345    | 98448    |         1658166 |      1036.3539
 98345    | 98499    |         1658166 |      1036.3539
 98345    | 98498    |         1658166 |      1036.3539
 98345    | 98447    |         1658166 |      1036.3539
 98345    | 98388    |         1658166 |      1036.3539
 98496    | 98528    |         1658080 |      1036.2998
 98447    | 98528    |         1658080 |      1036.2998
 98445    | 98528    |         1658080 |      1036.2998
 98499    | 98528    |         1658080 |      1036.2998
 98498    | 98528    |         1658080 |      1036.2998
 98388    | 98528    |         1658080 |      1036.2998
 98439    | 98528    |         1658080 |      1036.2998
 98448    | 98528    |         1658080 |      1036.2998
 98446    | 98528    |         1658080 |      1036.2998
 98444    | 98528    |         1658080 |      1036.2998
 98383    | 98447    |         1656091 |      1035.0565
 98383    | 98446    |         1656091 |      1035.0565
 98383    | 98445    |         1656091 |      1035.0565
 98383    | 98499    |         1656091 |      1035.0565
 98383    | 98444    |         1656091 |      1035.0565
 98315    | 98448    |         1656091 |      1035.0565
 98383    | 98448    |         1656091 |      1035.0565
 98315    | 98498    |         1656091 |      1035.0565
 98315    | 98499    |         1656091 |      1035.0565
 98315    | 98388    |         1656091 |      1035.0565
 98315    | 98447    |         1656091 |      1035.0565
 98315    | 98496    |         1656091 |      1035.0565
 98383    | 98496    |         1656091 |      1035.0565
 98383    | 98388    |         1656091 |      1035.0565
 98315    | 98439    |         1656091 |      1035.0565
 98315    | 98445    |         1656091 |      1035.0565
 98315    | 98444    |         1656091 |      1035.0565
 98315    | 98446    |         1656091 |      1035.0565
 98383    | 98439    |         1656091 |      1035.0565
 98383    | 98498    |         1656091 |      1035.0565
 98311    | 98447    |         1654661 |      1034.1631
 98311    | 98499    |         1654661 |      1034.1631
 98311    | 98498    |         1654661 |      1034.1631
 98311    | 98446    |         1654661 |      1034.1631
 98311    | 98445    |         1654661 |      1034.1631
 98311    | 98496    |         1654661 |      1034.1631
 98311    | 98444    |         1654661 |      1034.1631
 98311    | 98439    |         1654661 |      1034.1631
 98311    | 98448    |         1654661 |      1034.1631
 98311    | 98388    |         1654661 |      1034.1631
 98353    | 98388    |         1651252 |      1032.0322
 98353    | 98445    |         1651252 |      1032.0322
 98353    | 98444    |         1651252 |      1032.0322
 98353    | 98499    |         1651252 |      1032.0322
 98353    | 98448    |         1651252 |      1032.0322
 98353    | 98498    |         1651252 |      1032.0322
 98353    | 98439    |         1651252 |      1032.0322
 98353    | 98447    |         1651252 |      1032.0322
 98353    | 98446    |         1651252 |      1032.0322
 98353    | 98496    |         1651252 |      1032.0322
 98444    | 98584    |         1649543 |      1030.9645
 98388    | 98584    |         1649543 |      1030.9645
 98496    | 98584    |         1649543 |      1030.9645
 98447    | 98584    |         1649543 |      1030.9645
 98498    | 98584    |         1649543 |      1030.9645
 98448    | 98584    |         1649543 |      1030.9645
 98499    | 98584    |         1649543 |      1030.9645
 98439    | 98584    |         1649543 |      1030.9645
 98446    | 98584    |         1649543 |      1030.9645
 98445    | 98584    |         1649543 |      1030.9645
 98393    | 98498    |         1643548 |      1027.2173
 98393    | 98444    |         1643548 |      1027.2173
 98393    | 98446    |         1643548 |      1027.2173
 98393    | 98499    |         1643548 |      1027.2173
 98393    | 98445    |         1643548 |      1027.2173
 98393    | 98448    |         1643548 |      1027.2173
 98393    | 98496    |         1643548 |      1027.2173
 98393    | 98447    |         1643548 |      1027.2173
 98393    | 98439    |         1643548 |      1027.2173
 98388    | 98393    |         1643548 |      1027.2173
 98310    | 98388    |         1640645 |      1025.4028
 98310    | 98439    |         1640645 |      1025.4028
 98310    | 98444    |         1640645 |      1025.4028
 98310    | 98499    |         1640645 |      1025.4028
 98310    | 98498    |         1640645 |      1025.4028
 98310    | 98446    |         1640645 |      1025.4028
 98310    | 98445    |         1640645 |      1025.4028
 98310    | 98496    |         1640645 |      1025.4028
 98310    | 98448    |         1640645 |      1025.4028
 98310    | 98447    |         1640645 |      1025.4028
 98351    | 98445    |         1640278 |      1025.1735
 98351    | 98498    |         1640278 |      1025.1735
 98351    | 98496    |         1640278 |      1025.1735
 98351    | 98446    |         1640278 |      1025.1735
 98351    | 98439    |         1640278 |      1025.1735
 98351    | 98388    |         1640278 |      1025.1735
 98351    | 98448    |         1640278 |      1025.1735
 98351    | 98447    |         1640278 |      1025.1735
 98351    | 98444    |         1640278 |      1025.1735
 98351    | 98499    |         1640278 |      1025.1735
 98498    | 98524    |         1639931 |      1024.9572
 98446    | 98524    |         1639931 |      1024.9572
 98496    | 98524    |         1639931 |      1024.9572
 98445    | 98524    |         1639931 |      1024.9572
 98447    | 98524    |         1639931 |      1024.9572
 98444    | 98524    |         1639931 |      1024.9572
 98439    | 98524    |         1639931 |      1024.9572
 98499    | 98524    |         1639931 |      1024.9572
 98448    | 98524    |         1639931 |      1024.9572
 98388    | 98524    |         1639931 |      1024.9572
 98337    | 98448    |         1639238 |      1024.5239
 98337    | 98445    |         1639238 |      1024.5239
 98337    | 98446    |         1639238 |      1024.5239
 98337    | 98447    |         1639238 |      1024.5239
 98337    | 98388    |         1639238 |      1024.5239
 98337    | 98498    |         1639238 |      1024.5239
 98312    | 98446    |         1639238 |      1024.5239
 98312    | 98447    |         1639238 |      1024.5239
 98312    | 98448    |         1639238 |      1024.5239
 98312    | 98439    |         1639238 |      1024.5239
 98337    | 98496    |         1639238 |      1024.5239
 98312    | 98498    |         1639238 |      1024.5239
 98337    | 98439    |         1639238 |      1024.5239
 98312    | 98499    |         1639238 |      1024.5239
 98312    | 98444    |         1639238 |      1024.5239
 98312    | 98388    |         1639238 |      1024.5239
 98337    | 98499    |         1639238 |      1024.5239
 98312    | 98496    |         1639238 |      1024.5239
 98312    | 98445    |         1639238 |      1024.5239
 98337    | 98444    |         1639238 |      1024.5239
 98314    | 98444    |         1639184 |      1024.4899
 98314    | 98388    |         1639184 |      1024.4899
 98314    | 98439    |         1639184 |      1024.4899
 98314    | 98445    |         1639184 |      1024.4899
 98314    | 98498    |         1639184 |      1024.4899
 98314    | 98496    |         1639184 |      1024.4899
 98314    | 98447    |         1639184 |      1024.4899
 98314    | 98446    |         1639184 |      1024.4899
 98314    | 98448    |         1639184 |      1024.4899
 98314    | 98499    |         1639184 |      1024.4899
 98005    | 99362    |         1636860 |      1023.0375
 98004    | 99362    |         1636860 |      1023.0375
 98006    | 99362    |         1636860 |      1023.0375
 98007    | 99362    |         1636860 |      1023.0375
 98008    | 99362    |         1636860 |      1023.0375
 98009    | 99362    |         1636860 |      1023.0375
 98015    | 99362    |         1636860 |      1023.0375
 98386    | 98439    |         1632491 |      1020.3071
 98386    | 98496    |         1632491 |      1020.3071
 98386    | 98445    |         1632491 |      1020.3071
 98386    | 98446    |         1632491 |      1020.3071
 98386    | 98447    |         1632491 |      1020.3071
 98386    | 98498    |         1632491 |      1020.3071
 98386    | 98444    |         1632491 |      1020.3071
 98386    | 98448    |         1632491 |      1020.3071
 98386    | 98388    |         1632491 |      1020.3071
 98386    | 98499    |         1632491 |      1020.3071
 98384    | 98388    |         1631627 |       1019.767
 98384    | 98444    |         1631627 |       1019.767
 98384    | 98439    |         1631627 |       1019.767
 98384    | 98447    |         1631627 |       1019.767
 98384    | 98446    |         1631627 |       1019.767
 98384    | 98445    |         1631627 |       1019.767
 98384    | 98496    |         1631627 |       1019.767
 98384    | 98498    |         1631627 |       1019.767
 98384    | 98499    |         1631627 |       1019.767
 98384    | 98448    |         1631627 |       1019.767
 98349    | 98447    |         1630292 |     1018.93274
 98349    | 98496    |         1630292 |     1018.93274
 98349    | 98439    |         1630292 |     1018.93274
 98349    | 98498    |         1630292 |     1018.93274
 98349    | 98499    |         1630292 |     1018.93274
 98349    | 98444    |         1630292 |     1018.93274
 98349    | 98445    |         1630292 |     1018.93274
 98349    | 98446    |         1630292 |     1018.93274
 98349    | 98448    |         1630292 |     1018.93274
 98349    | 98388    |         1630292 |     1018.93274
 98394    | 98444    |         1628841 |     1018.02563
 98394    | 98439    |         1628841 |     1018.02563
 98394    | 98496    |         1628841 |     1018.02563
 98394    | 98448    |         1628841 |     1018.02563
 98394    | 98445    |         1628841 |     1018.02563
 98394    | 98446    |         1628841 |     1018.02563
 98394    | 98447    |         1628841 |     1018.02563
 98394    | 98498    |         1628841 |     1018.02563
 98394    | 98499    |         1628841 |     1018.02563
 98388    | 98394    |         1628841 |     1018.02563
 98287    | 98446    |         1628226 |     1017.64136
 98287    | 98448    |         1628226 |     1017.64136
 98287    | 98444    |         1628226 |     1017.64136
 98287    | 98499    |         1628226 |     1017.64136
 98287    | 98439    |         1628226 |     1017.64136
 98287    | 98388    |         1628226 |     1017.64136
 98287    | 98445    |         1628226 |     1017.64136
 98287    | 98496    |         1628226 |     1017.64136
 98287    | 98498    |         1628226 |     1017.64136
 98287    | 98447    |         1628226 |     1017.64136
 98367    | 98498    |         1624053 |     1015.03326
 98367    | 98439    |         1624053 |     1015.03326
 98366    | 98439    |         1624053 |     1015.03326
 98366    | 98388    |         1624053 |     1015.03326
 98367    | 98388    |         1624053 |     1015.03326
 98366    | 98496    |         1624053 |     1015.03326
 98366    | 98445    |         1624053 |     1015.03326
 98366    | 98446    |         1624053 |     1015.03326
 98366    | 98447    |         1624053 |     1015.03326
 98366    | 98498    |         1624053 |     1015.03326
 98366    | 98499    |         1624053 |     1015.03326
 98367    | 98496    |         1624053 |     1015.03326
 98367    | 98445    |         1624053 |     1015.03326
 98367    | 98446    |         1624053 |     1015.03326
 98367    | 98447    |         1624053 |     1015.03326
 98367    | 98448    |         1624053 |     1015.03326
 98366    | 98444    |         1624053 |     1015.03326
 98366    | 98448    |         1624053 |     1015.03326
 98367    | 98499    |         1624053 |     1015.03326
 98367    | 98444    |         1624053 |     1015.03326
 98359    | 98498    |         1618632 |      1011.6451
 98359    | 98447    |         1618632 |      1011.6451
 98359    | 98444    |         1618632 |      1011.6451
 98359    | 98499    |         1618632 |      1011.6451
 98359    | 98439    |         1618632 |      1011.6451
 98359    | 98388    |         1618632 |      1011.6451
 98359    | 98448    |         1618632 |      1011.6451
 98359    | 98446    |         1618632 |      1011.6451
 98359    | 98445    |         1618632 |      1011.6451
 98359    | 98496    |         1618632 |      1011.6451
 98322    | 98439    |         1613335 |      1008.3343
 98322    | 98388    |         1613335 |      1008.3343
 98322    | 98496    |         1613335 |      1008.3343
 98322    | 98444    |         1613335 |      1008.3343
 98322    | 98445    |         1613335 |      1008.3343
 98322    | 98446    |         1613335 |      1008.3343
 98322    | 98447    |         1613335 |      1008.3343
 98322    | 98498    |         1613335 |      1008.3343
 98322    | 98499    |         1613335 |      1008.3343
 98322    | 98448    |         1613335 |      1008.3343
 98335    | 98499    |         1610814 |       1006.759
 98329    | 98496    |         1610814 |       1006.759
 98329    | 98448    |         1610814 |       1006.759
 98332    | 98448    |         1610814 |       1006.759
 98332    | 98439    |         1610814 |       1006.759
 98332    | 98444    |         1610814 |       1006.759
 98335    | 98448    |         1610814 |       1006.759
 98329    | 98445    |         1610814 |       1006.759
 98329    | 98446    |         1610814 |       1006.759
 98329    | 98447    |         1610814 |       1006.759
 98329    | 98498    |         1610814 |       1006.759
 98329    | 98388    |         1610814 |       1006.759
 98332    | 98388    |         1610814 |       1006.759
 98329    | 98499    |         1610814 |       1006.759
 98329    | 98444    |         1610814 |       1006.759
 98332    | 98496    |         1610814 |       1006.759
 98332    | 98445    |         1610814 |       1006.759
 98332    | 98446    |         1610814 |       1006.759
 98335    | 98388    |         1610814 |       1006.759
 98332    | 98447    |         1610814 |       1006.759
 98332    | 98498    |         1610814 |       1006.759
 98332    | 98499    |         1610814 |       1006.759
 98335    | 98496    |         1610814 |       1006.759
 98335    | 98445    |         1610814 |       1006.759
 98335    | 98439    |         1610814 |       1006.759
 98329    | 98439    |         1610814 |       1006.759
 98335    | 98446    |         1610814 |       1006.759
 98335    | 98447    |         1610814 |       1006.759
 98335    | 98498    |         1610814 |       1006.759
 98335    | 98444    |         1610814 |       1006.759
 98395    | 98498    |         1610623 |     1006.63947
 98395    | 98446    |         1610623 |     1006.63947
 98395    | 98499    |         1610623 |     1006.63947
 98395    | 98439    |         1610623 |     1006.63947
 98395    | 98496    |         1610623 |     1006.63947
 98395    | 98444    |         1610623 |     1006.63947
 98395    | 98447    |         1610623 |     1006.63947
 98388    | 98395    |         1610623 |     1006.63947
 98395    | 98448    |         1610623 |     1006.63947
 98395    | 98445    |         1610623 |     1006.63947
 98398    | 98447    |         1471270 |      919.54376
 98398    | 98444    |         1471270 |      919.54376
 98398    | 98446    |         1471270 |      919.54376
 98388    | 98398    |         1471270 |      919.54376
 98398    | 98448    |         1471270 |      919.54376
 98398    | 98445    |         1471270 |      919.54376
 98398    | 98499    |         1471270 |      919.54376
 98398    | 98439    |         1471270 |      919.54376
 98398    | 98496    |         1471270 |      919.54376
 98398    | 98498    |         1471270 |      919.54376
 98447    | 99371    |         1240851 |       775.5318
 98496    | 99371    |         1240851 |       775.5318
 98445    | 99371    |         1240851 |       775.5318
 98446    | 99371    |         1240851 |       775.5318
 98448    | 99371    |         1240851 |       775.5318
 98388    | 99371    |         1240851 |       775.5318
 98439    | 99371    |         1240851 |       775.5318
 98498    | 99371    |         1240851 |       775.5318
 98499    | 99371    |         1240851 |       775.5318
 98444    | 99371    |         1240851 |       775.5318
 98498    | 99401    |         1198311 |       748.9441
 98388    | 99401    |         1198311 |       748.9441
 98499    | 99401    |         1198311 |       748.9441
 98444    | 99401    |         1198311 |       748.9441
 98439    | 99401    |         1198311 |       748.9441
 98447    | 99401    |         1198311 |       748.9441
 98446    | 99401    |         1198311 |       748.9441
 98445    | 99401    |         1198311 |       748.9441
 98496    | 99401    |         1198311 |       748.9441
 98448    | 99401    |         1198311 |       748.9441
 98496    | 99363    |         1180966 |        738.104
 98498    | 99363    |         1180966 |        738.104
 98499    | 99363    |         1180966 |        738.104
 98444    | 99363    |         1180966 |        738.104
 98388    | 99363    |         1180966 |        738.104
 98447    | 99363    |         1180966 |        738.104
 98448    | 99363    |         1180966 |        738.104
 98446    | 99363    |         1180966 |        738.104
 98445    | 99363    |         1180966 |        738.104
 98439    | 99363    |         1180966 |        738.104
 98448    | 99361    |         1180294 |       737.6839
 98446    | 99361    |         1180294 |       737.6839
 98445    | 99361    |         1180294 |       737.6839
 98496    | 99361    |         1180294 |       737.6839
 98388    | 99361    |         1180294 |       737.6839
 98439    | 99361    |         1180294 |       737.6839
 98498    | 99361    |         1180294 |       737.6839
 98499    | 99361    |         1180294 |       737.6839
 98444    | 99361    |         1180294 |       737.6839
 98447    | 99361    |         1180294 |       737.6839
 98448    | 99402    |         1178813 |      736.75836
 98496    | 99402    |         1178813 |      736.75836
 98445    | 99402    |         1178813 |      736.75836
 98446    | 99402    |         1178813 |      736.75836
 98447    | 99402    |         1178813 |      736.75836
 98388    | 99402    |         1178813 |      736.75836
 98439    | 99402    |         1178813 |      736.75836
 98498    | 99402    |         1178813 |      736.75836
 98499    | 99402    |         1178813 |      736.75836
 98444    | 99402    |         1178813 |      736.75836
 98447    | 99403    |         1168569 |      730.35583
 98446    | 99403    |         1168569 |      730.35583
 98496    | 99403    |         1168569 |      730.35583
 98445    | 99403    |         1168569 |      730.35583
 98448    | 99403    |         1168569 |      730.35583
 98388    | 99403    |         1168569 |      730.35583
 98439    | 99403    |         1168569 |      730.35583
 98498    | 99403    |         1168569 |      730.35583
 98444    | 99403    |         1168569 |      730.35583
 98499    | 99403    |         1168569 |      730.35583
 98439    | 99362    |         1155994 |      722.49646
 98446    | 99362    |         1155994 |      722.49646
 98447    | 99362    |         1155994 |      722.49646
 98448    | 99362    |         1155994 |      722.49646
 98388    | 99362    |         1155994 |      722.49646
 98498    | 99362    |         1155994 |      722.49646
 98499    | 99362    |         1155994 |      722.49646
 98444    | 99362    |         1155994 |      722.49646
 98445    | 99362    |         1155994 |      722.49646
 98496    | 99362    |         1155994 |      722.49646
(4911 rows)

